gene_id	gene_name	logFC	logCPM	PValue	FDR
ENSG00000166527	CLEC4D	4.01216261171771	10.917525312266966	1.5455885957347728e-30	1.3616635528423348e-27
ENSG00000090376	IRAK3	3.7074314216431885	14.224144766409815	1.537616305266027e-29	6.773199824696849e-27
ENSG00000166523	CLEC4E	3.9415820349299344	12.13546450381545	3.951337646426558e-25	1.1603761555005993e-22
ENSG00000177575	CD163	2.729260347701418	10.617592858776487	2.957996722498986e-22	6.514987781304016e-20
ENSG00000225342	LRRK2-DT	2.298092809462564	9.548088371645099	2.069180183704644e-21	3.633168024008819e-19
ENSG00000139132	FGD4	3.304758107515852	12.674453689843062	2.8799470350091497e-21	3.633168024008819e-19
ENSG00000255801	ENSG00000255801	3.3570202865171264	9.725045161438324	2.8867396331511614e-21	3.633168024008819e-19
ENSG00000135679	MDM2	1.9812266431133472	12.848910881797948	1.806668451652158e-18	1.9895936323819392e-16
ENSG00000226091	LINC00937	3.207853640265252	8.196224235299784	7.180048885105932e-17	7.028470075309251e-15
ENSG00000084110	HAL	3.0439027734329707	11.587516859419875	2.2106585927151877e-16	1.9475902201820803e-14
ENSG00000121316	PLBD1	2.6243559470488216	12.924645310509518	2.3621302720856358e-15	1.8918516088249502e-13
ENSG00000110931	CAMKK2	2.3174661834235777	11.695778568861472	2.758912875950899e-15	2.0255018697606182e-13
ENSG00000135655	USP15	1.8038428215016813	14.23891192903217	1.769380319415958e-14	1.1280298187473287e-12
ENSG00000136040	PLXNC1	2.463203642060774	14.637742301752787	1.792555898122883e-14	1.1280298187473287e-12
ENSG00000111052	LIN7A	2.581624320805615	11.935832696709667	2.214197363841186e-14	1.3004719183627233e-12
ENSG00000276900	ENSG00000276900	2.4429638420470567	9.236253439942187	7.191819624341697e-14	3.959995680653147e-12
ENSG00000139112	GABARAPL1	2.040062001355624	11.371528402759468	9.036208989154847e-14	4.6428066436638645e-12
ENSG00000059804	SLC2A3	2.6905400571462237	13.981920069267444	9.485870554591324e-14	4.6428066436638645e-12
ENSG00000136026	CKAP4	2.8677094860878043	10.515259780805179	1.0052308293777438e-13	4.661096635167328e-12
ENSG00000175197	DDIT3	1.8551333120040063	8.157266413728038	1.2009736430871402e-13	5.290288897798852e-12
ENSG00000120868	APAF1	1.8087665175120782	12.83138168886224	1.3618707974304215e-13	5.713372250172387e-12
ENSG00000153179	RASSF3	1.6989261864860163	12.072337380828335	2.47342105236328e-13	9.904927032418409e-12
ENSG00000256751	PLBD1-AS1	2.750102174966833	9.456538959090963	3.074669654576658e-13	1.1777321589921893e-11
ENSG00000198673	TAFA2	1.7759282559803273	8.894981013182491	6.119343844100381e-13	2.2463091361051817e-11
ENSG00000058272	PPP1R12A	1.5236650192001135	12.805484262049253	7.01421275747878e-13	2.471808575735522e-11
ENSG00000151743	AMN1	1.8653928475256907	8.632505837077886	1.3499235365052886e-12	4.574163983312151e-11
ENSG00000111728	ST8SIA1	-2.335935903960573	7.825615071897381	2.0934877846743552e-12	6.830973104807803e-11
ENSG00000151948	GLT1D1	2.447764071077294	10.96747712950213	2.899395174554293e-12	9.122739817079759e-11
ENSG00000111058	ACSS3	2.741789622133114	11.260792070682403	3.7598514120401106e-12	1.1422169289680474e-10
ENSG00000123329	ARHGAP9	2.066589433096309	10.91982045291283	5.02515708779783e-12	1.4757211314499627e-10
ENSG00000174718	RESF1	1.9456388537165665	15.378693840220569	6.015538851590284e-12	1.709577331693884e-10
ENSG00000205352	PRR13	1.7515743541998448	8.488145972975811	1.1837951509610005e-11	3.2591360249895045e-10
ENSG00000255733	IFNG-AS1	-2.3007896189922565	8.179012139257685	1.6541791797347315e-11	4.4161571434736314e-10
ENSG00000171860	C3AR1	1.6519634001504928	8.683127173735054	3.8805170536019774e-11	1.005510448300983e-9
ENSG00000188906	LRRK2	2.154446587639062	15.774050632807981	9.831731227427788e-11	2.474787203246823e-9
ENSG00000245105	A2M-AS1	-2.4405773496794914	10.097665632804704	1.894873711586816e-10	4.637177055299958e-9
ENSG00000089159	PXN	1.9295173242475325	10.575206902609398	4.503647195948184e-10	1.0723549134136082e-8
ENSG00000136051	WASHC4	1.305972696960824	12.838501434638232	7.394231821322896e-10	1.7142942722593347e-8
ENSG00000139722	VPS37B	1.5222818094269652	9.50683675919271	8.07211049237983e-10	1.8234690625093925e-8
ENSG00000139626	ITGB7	-1.4786791856658474	9.93616407594924	1.0808776909886038e-9	2.3806331144023998e-8
ENSG00000091039	OSBPL8	1.6129784053293825	13.90808798500896	1.4003495151401466e-9	3.009043714240169e-8
ENSG00000161791	FMNL3	-1.554680243482637	8.339225400012102	1.6248765922547589e-9	3.330052406492786e-8
ENSG00000186908	ZDHHC17	1.4302578120716207	11.627317074299611	1.6253377239408602e-9	3.330052406492786e-8
ENSG00000276136	ENSG00000276136	1.9286260631233316	7.956335301989399	2.9167353781831186e-9	5.840099700407563e-8
ENSG00000139641	ESYT1	-1.3589880512718648	10.1721065800379	3.288536861697601e-9	6.438224389234637e-8
ENSG00000135677	GNS	1.8305257907357886	12.900335790297211	4.181907246793566e-9	8.00926148788072e-8
ENSG00000067182	TNFRSF1A	2.128234977686909	10.746906590486876	4.617214036868955e-9	8.654820354216063e-8
ENSG00000060982	BCAT1	2.3974534440640087	9.899020814550468	6.826322954868076e-9	1.2347492634629765e-7
ENSG00000150977	RILPL2	1.612018043328255	10.317494082081943	6.867504416536419e-9	1.2347492634629765e-7
ENSG00000135503	ACVR1B	1.8515694802483005	8.923925609694844	8.87373105694121e-9	1.5635514122330412e-7
ENSG00000134294	SLC38A2	1.4758460020505035	12.924409445395924	1.007299942980042e-8	1.7400612740498372e-7
ENSG00000166987	MBD6	2.185508923037181	6.735387996200988	1.1419286880714104e-8	1.934690719597909e-7
ENSG00000111647	UHRF1BP1L	1.499505458424445	11.40464146588473	1.3344284377426031e-8	2.2181725540589306e-7
ENSG00000111261	MANSC1	2.948003819883306	9.814844657488123	1.73574488827327e-8	2.831835641793983e-7
ENSG00000177169	ULK1	1.9862715129430257	8.365710628041947	1.864205572491725e-8	2.9861183806640177e-7
ENSG00000094916	CBX5	-1.2565020445878237	9.706117426635032	1.9684242788883613e-8	3.096753195894011e-7
ENSG00000237248	LINC00987	-2.708911173342748	6.964368196376892	2.1205493610555836e-8	3.2340681861278165e-7
ENSG00000280181	ENSG00000280181	2.449897054619189	5.873607610212426	2.1552562612043006e-8	3.2340681861278165e-7
ENSG00000135404	CD63	1.4612089748563117	11.29147891557691	2.165834540085598e-8	3.2340681861278165e-7
ENSG00000064763	FAR2	2.1266670181514207	10.922305760415759	2.2431114878266944e-8	3.293635367958863e-7
ENSG00000110876	SELPLG	1.9004173920218166	12.333246610638971	2.4683002711082678e-8	3.5648730145022685e-7
ENSG00000120800	UTP20	-1.180127469722968	8.737004570046272	2.640519186875258e-8	3.7520925865114556e-7
ENSG00000057704	TMCC3	2.4597128686428196	12.17638600471927	3.079613109734377e-8	4.306570078850772e-7
ENSG00000118971	CCND2	-1.222738246765856	10.829718434159503	3.9607146571704423e-8	5.452171270261188e-7
ENSG00000135426	TESPA1	-1.4481004210127808	8.214773861997688	4.304222098017025e-8	5.833876412850767e-7
ENSG00000136048	DRAM1	1.7240366170881825	8.537100200935873	4.6415672677139755e-8	6.195789034630321e-7
ENSG00000139178	C1RL	2.1771199511711594	10.460391597252363	5.088591670414359e-8	6.691118300947836e-7
ENSG00000087502	ERGIC2	1.1536593296928797	10.161506528503864	5.863178089589221e-8	7.596264554306034e-7
ENSG00000258215	ENSG00000258215	2.496574528927176	6.588497613976284	7.119676692249601e-8	9.090485747640433e-7
ENSG00000135414	GDF11	-1.5987590891517285	7.7057938641658446	1.0183146959650237e-7	1.28162178163598e-6
ENSG00000280138	ENSG00000280138	1.4432929822980476	11.331812804724988	1.1660989669020685e-7	1.4317985167030519e-6
ENSG00000167528	ZNF641	1.283415338523044	11.308750954683687	1.1701418070671934e-7	1.4317985167030519e-6
ENSG00000066084	DIP2B	1.6334989046090445	12.555669839547	1.2035856141363588e-7	1.4525464740467563e-6
ENSG00000289310	ENSG00000289310	2.036654441696521	9.029411374444186	1.2463405910265452e-7	1.4838190009383598e-6
ENSG00000151131	NOPCHAP1	-1.4006628108800752	8.95107766201526	1.3150732451586898e-7	1.5447727053130742e-6
ENSG00000155957	TMBIM4	1.1231700683104386	10.919249766182094	1.3624747865274794e-7	1.5793951143825124e-6
ENSG00000135127	BICDL1	-1.9387556764101415	6.266170874586297	1.392177201553051e-7	1.5928676812574519e-6
ENSG00000198001	IRAK4	1.209982180821445	11.244819427115585	1.5046727507243951e-7	1.699508581266913e-6
ENSG00000277130	ENSG00000277130	1.505960533320337	7.297882335858902	1.5896087220704405e-7	1.7727155495494408e-6
ENSG00000111229	ARPC3	1.227716931499677	11.90440045134778	1.633186212102521e-7	1.798546316077901e-6
ENSG00000111203	ITFG2	-1.0039574256497386	8.553147993932564	2.1761582192818817e-7	2.366907890354738e-6
ENSG00000080371	RAB21	1.0333336577795844	11.317640138076152	2.2256269725661442e-7	2.373365313133736e-6
ENSG00000166130	IKBIP	1.8523042224184691	10.340498598742906	2.256596830890271e-7	2.373365313133736e-6
ENSG00000127334	DYRK2	-1.2609599210123108	11.64728346830173	2.2629135789243343e-7	2.373365313133736e-6
ENSG00000198431	TXNRD1	1.1897825704065124	11.591668913024284	3.6235168922633684e-7	3.7556686848047383e-6
ENSG00000111674	ENO2	-1.452366074580087	7.286197028568705	4.188188977174e-7	4.29045870801197e-6
ENSG00000256937	KRT17P8	-2.6406058766994054	7.447739783500441	4.3932022767012696e-7	4.448748512383699e-6
ENSG00000110934	BIN2	1.2911401407645668	12.286635262055043	5.396598448588087e-7	5.4027309468251196e-6
ENSG00000123066	MED13L	1.2564071279683295	13.323870915583832	5.475347738718396e-7	5.41997905372012e-6
ENSG00000111275	ALDH2	1.5807218824186142	9.194646363600496	6.071571890973874e-7	5.943394262164426e-6
ENSG00000139187	KLRG1	-2.129391124865726	9.137453801909313	6.997485843185938e-7	6.774489041589902e-6
ENSG00000289401	ENSG00000289401	1.9144872741734271	6.628293662591695	7.490480524610207e-7	7.172949284979992e-6
ENSG00000258101	ENSG00000258101	2.8646136676850773	6.271155513856307	8.011570529796458e-7	7.589455523387827e-6
ENSG00000133639	BTG1	1.2147213362193867	12.498523428900572	9.018089490994347e-7	8.452060469751085e-6
ENSG00000135407	AVIL	2.731358107589605	8.894415774838846	1.0173922975994864e-6	9.434974886159448e-6
ENSG00000139631	CSAD	1.6385661882496891	8.105363915615568	1.037904640516785e-6	9.524937378075913e-6
ENSG00000176422	SPRYD4	-1.459578278999444	7.45528652166967	1.131042062005736e-6	1.0272660377598489e-5
ENSG00000135506	OS9	1.2821086040039888	10.703471758257274	1.264913972449789e-6	1.137131846661494e-5
ENSG00000084112	SSH1	1.503189303303925	10.106537669151713	1.3033682030049186e-6	1.1598660473205387e-5
ENSG00000256706	ENSG00000256706	2.1919667633938476	5.572394396485273	1.7084839661057922e-6	1.505174374139203e-5
ENSG00000139370	SLC15A4	1.409712998956264	11.55220642962347	1.8227250917731575e-6	1.5899215899526255e-5
ENSG00000173208	ABCD2	-1.6440127200564372	9.447572051624897	1.8915006478292268e-6	1.6337373242524987e-5
ENSG00000111196	MAGOHB	-1.32206860714332	7.549810584185382	2.0074014616415294e-6	1.717010376413774e-5
ENSG00000214029	ZNF891	-1.1702720307724361	9.20716644927528	2.156505000522186e-6	1.826808562942352e-5
ENSG00000198393	ZNF26	-1.022092216465059	9.361678749612505	2.2920508942058273e-6	1.9231398455193657e-5
ENSG00000211455	STK38L	1.1722958882887242	11.026585733951595	2.3959414198683153e-6	1.99134376500376e-5
ENSG00000122965	RBM19	-1.1440571784826832	8.807966076017768	2.5441944871232295e-6	2.0608364345203506e-5
ENSG00000076513	ANKRD13A	1.4769656089740901	12.914573879879805	2.544817440530108e-6	2.0608364345203506e-5
ENSG00000170456	DENND5B	-1.3158337937215134	6.974444815517165	2.5497295273861322e-6	2.0608364345203506e-5
ENSG00000257298	ENSG00000257298	-2.7096400963709835	4.990530831232557	2.58444862022278e-6	2.0699083949238812e-5
ENSG00000172243	CLEC7A	1.517535534003698	13.189897836201874	2.6314231058281845e-6	2.0885439245357034e-5
ENSG00000133703	KRAS	1.0234437881590794	11.439762351024815	2.790317533330972e-6	2.1948837025576665e-5
ENSG00000183735	TBK1	0.9665861847652462	10.34543962620732	2.8214588910360824e-6	2.199739188498043e-5
ENSG00000255760	LINC02422	1.8853424370187375	7.5693519962040146	2.8880600554395474e-6	2.2319130779317908e-5
ENSG00000089094	KDM2B	-1.0868416820516933	8.121241490007336	3.254893396795896e-6	2.4781249647922325e-5
ENSG00000111364	DDX55	-0.9984882478412787	7.7758497503131085	3.262911417887616e-6	2.4781249647922325e-5
ENSG00000247774	PCED1B-AS1	-1.2755918583723096	9.710545953293884	3.4475476760946044e-6	2.5959739338797832e-5
ENSG00000133687	TMTC1	3.7314359264883947	9.82966148326212	3.869953096087527e-6	2.889346336994162e-5
ENSG00000257878	ENSG00000257878	2.562127043673262	8.259743832248448	4.018477372038076e-6	2.9750240040046598e-5
ENSG00000255398	HCAR3	1.6465013515769096	9.995436884688058	4.088164670058863e-6	3.0013942286015486e-5
ENSG00000028203	VEZT	-0.9548182247052094	8.991884588426341	4.571137538155715e-6	3.328241463731558e-5
ENSG00000213782	DDX47	-1.030286430958221	8.83209510333832	4.630368624099478e-6	3.3437334080587215e-5
ENSG00000111729	CLEC4A	1.1593114419430472	9.140558300151918	4.797045888084922e-6	3.435932867807168e-5
ENSG00000118308	IRAG2	1.3390834522523838	11.722616142774191	5.273278847663489e-6	3.7465795683802694e-5
ENSG00000089060	SLC8B1	1.0333065943993407	9.42003015428435	6.083457971808159e-6	4.28762117853039e-5
ENSG00000139436	GIT2	1.2393058669207802	11.72293422804317	6.1554845816923305e-6	4.303953901961066e-5
ENSG00000185591	SP1	1.3862275061399882	12.809206204341022	6.324499335915768e-6	4.387310169245505e-5
ENSG00000177406	NINJ2-AS1	1.152563351382893	8.700689597393238	7.182433346518851e-6	4.9435342017836785e-5
ENSG00000175215	CTDSP2	1.1857633473190399	11.41519739144265	7.32204724620453e-6	5.000560948764489e-5
ENSG00000139644	TMBIM6	1.0670527933205678	13.584270200352805	8.698959564207171e-6	5.868800233462148e-5
ENSG00000111752	PHC1	-1.2545001496436095	7.755273153345947	8.726592855658813e-6	5.868800233462148e-5
ENSG00000135148	TRAFD1	1.2434046334265938	10.321309159687631	9.204921135710592e-6	6.143587515576539e-5
ENSG00000130921	MTRFR	-1.114508563382787	7.762982275532649	9.501802541509723e-6	6.271143894882396e-5
ENSG00000184613	NELL2	-1.6768919273316625	9.886534606309027	9.538402745905118e-6	6.271143894882396e-5
ENSG00000150991	UBC	1.1085999385340142	13.717636560657859	1.045970935883075e-5	6.825928848244363e-5
ENSG00000161638	ITGA5	1.412808071344304	11.522837566451495	1.0660269302901601e-5	6.905659746953169e-5
ENSG00000166888	STAT6	1.2654161737812442	12.342081351212386	1.0924531894238583e-5	7.025191677973862e-5
ENSG00000167552	TUBA1A	1.6660932114245144	12.63820732661225	1.2824671371103727e-5	8.187344549233612e-5
ENSG00000121749	TBC1D15	1.062633371813281	10.328664053405776	1.29960305738518e-5	8.237052471628371e-5
ENSG00000050405	LIMA1	-1.2837331383414952	7.102103108354295	1.4281563055535469e-5	8.987183608519105e-5
ENSG00000111684	LPCAT3	1.4667893275611488	8.717935656191099	1.6103283423563513e-5	1.0061696947630819e-4
ENSG00000198270	TMEM116	-1.3406215339968848	7.8349436349548816	1.6457784355510848e-5	1.0210780293806378e-4
ENSG00000087448	KLHL42	-0.8828268574167716	8.647663960217928	1.9263990596272512e-5	1.1868234765955303e-4
ENSG00000196850	PPTC7	0.9229349028340966	11.075914817529915	1.9537805261685233e-5	1.195333780246159e-4
ENSG00000256720	BTG1P1	-2.982979818435055	6.032727987337394	2.009465065666887e-5	1.2209232571396743e-4
ENSG00000198707	CEP290	-1.0640454840280285	9.072396157143714	2.304301190438029e-5	1.3904721566958242e-4
ENSG00000010610	CD4	-0.8224681554219759	8.556884525158194	2.5807835040011563e-5	1.546714467363958e-4
ENSG00000167548	KMT2D	1.2098195485910443	11.233518443960127	2.6741658517555207e-5	1.5822688150812515e-4
ENSG00000182782	HCAR2	1.7541175327446077	9.705452306030837	2.6760278484348068e-5	1.5822688150812515e-4
ENSG00000130779	CLIP1	0.9948741272971129	10.816118314063273	2.73876729084919e-5	1.6085693221587577e-4
ENSG00000177981	ASB8	0.9864959717805549	9.604391736285558	2.7647880463617546e-5	1.6130981912878848e-4
ENSG00000076248	UNG	-1.3620697246936977	7.28234991323574	2.971179660092931e-5	1.7221113687775476e-4
ENSG00000188596	CFAP54	2.4026553862223894	6.518456746965994	3.0438077650693373e-5	1.7526762359647622e-4
ENSG00000110880	CORO1C	1.1289183535096539	10.658070398446059	3.0955034232831296e-5	1.7708691661769073e-4
ENSG00000111321	LTBR	1.59132054129397	8.338177457423422	3.230829321130316e-5	1.8363616980101989e-4
ENSG00000269997	ENSG00000269997	-1.5034080619992687	5.697248593552741	3.2733704614569375e-5	1.848614984963822e-4
ENSG00000111667	USP5	-0.9310390280256836	8.417100703496338	3.4165752769976496e-5	1.9171992477929486e-4
ENSG00000276058	STMN1P1	1.894214008878723	5.034848974482381	3.505073559603988e-5	1.9475641437770777e-4
ENSG00000256664	ENSG00000256664	2.0998469055797475	6.999723282602484	3.5149001005738405e-5	1.9475641437770777e-4
ENSG00000290571	GOLGA2P5	-1.2063538615236897	7.725717458481769	3.628678820319227e-5	1.998041275438274e-4
ENSG00000183283	DAZAP2	1.3659042594274529	12.746062086037163	3.854200127027315e-5	2.1090374608143255e-4
ENSG00000111679	PTPN6	1.0851867787286054	10.596209306998825	3.890736256287498e-5	2.115888050487213e-4
ENSG00000235162	C12orf75	-1.2831327717934875	7.595335544786973	4.0464774394849235e-5	2.187083818519152e-4
ENSG00000257176	ENSG00000257176	1.3852928510457958	7.484593564186633	4.621587009387824e-5	2.473155116735587e-4
ENSG00000136021	SCYL2	0.9356425544105175	11.236606958090361	4.6345597603610705e-5	2.473155116735587e-4
ENSG00000139116	KIF21A	-1.4784656793140785	7.765350497329909	4.659974453781015e-5	2.473155116735587e-4
ENSG00000136044	APPL2	0.96389578627885375	9.123887916120472	4.8112607641369095e-5	2.5381561276674355e-4
ENSG00000260943	LINC02555	3.2439636567235217	6.543832411432616	6.174812633669166e-5	3.2381011489657945e-4
ENSG00000226711	FAM66C	-1.5411432105506282	5.9234301601181985	6.841022146088219e-5	3.5662369885820837e-4
ENSG00000111300	NAA25	-0.9712109508664545	9.19371580207606	6.906244754330093e-5	3.5790597815087133e-4
ENSG00000139083	ETV6	1.4241337471573983	9.438213943139637	7.242416978756665e-5	3.7279122966243244e-4
ENSG00000139218	SCAF11	0.7945906106104448	12.719055989855208	7.27810346219505e-5	3.7279122966243244e-4
ENSG00000135114	OASL	1.818731556407342	9.792802320462734	7.68376814122032e-5	3.9129478222052613e-4
ENSG00000110852	CLEC2B	1.0004442697779237	9.701304687211529	7.794109742923901e-5	3.946327979032159e-4
ENSG00000273680	ENSG00000273680	1.6505174185301867	5.6608718764027675	7.898260275516945e-5	3.976209887274531e-4
ENSG00000111785	RIC8B	-0.8921530210806585	8.216548036108826	8.10101256081363e-5	4.055109128452732e-4
ENSG00000189046	ALKBH2	-1.4862215333233917	6.028483556175589	8.15642423461438e-5	4.059779520166818e-4
ENSG00000171310	CHST11	1.19281465416408	11.861165675510156	8.286255849225865e-5	4.1012311253752734e-4
ENSG00000184271	POU6F1	-1.4556897829129183	6.1061045426123	8.536514166602721e-5	4.194554964052414e-4
ENSG00000123405	NFE2	1.3400808917033704	12.14835201315637	8.570032843693921e-5	4.194554964052414e-4
ENSG00000135469	COQ10A	-1.336870072120595	6.319421052339556	8.727333689185446e-5	4.2479452929129166e-4
ENSG00000291171	ENSG00000291171	-0.9267025723127303	8.001734201887958	8.930785884424479e-5	4.323089211086794e-4
ENSG00000052126	PLEKHA5	-1.49620661406795	7.675748469437451	9.391552041454121e-5	4.521288168590755e-4
ENSG00000111348	ARHGDIB	1.3959807005474554	12.845261766301485	9.730962241545716e-5	4.6592270297835734e-4
ENSG00000111276	CDKN1B	0.8418468032639679	12.25438551758402	1.0056550790260124e-4	4.789092565523875e-4
ENSG00000111737	RAB35	0.9488009548543401	9.466820858492127	1.0140752544909113e-4	4.803227415088671e-4
ENSG00000198040	ZNF84	-1.0537291772799324	8.903652251940496	1.1331680956648579e-4	5.338615466741924e-4
ENSG00000257594	GALNT4	1.2600257129678079	10.305788855701564	1.2169819676472787e-4	5.675094968356733e-4
ENSG00000174206	KICS2	-1.119002615455655	7.582046945582974	1.2174721328256782e-4	5.675094968356733e-4
ENSG00000198015	MRPL42	-0.9097640533507828	9.481457346285842	1.2362356600780205e-4	5.732229560677559e-4
ENSG00000076108	BAZ2A	1.0917093582545758	10.42321103428803	1.2498876638292232e-4	5.76518864834317e-4
ENSG00000111371	SLC38A1	-0.9259920523147698	12.460883297131362	1.263802291274904e-4	5.799009471943701e-4
ENSG00000120798	NR2C1	-0.9948987058626554	8.091500532703831	1.3608619537439177e-4	6.212017519421718e-4
ENSG00000051825	MPHOSPH9	-1.1135469655077523	9.38174855611159	1.3820395964292908e-4	6.276169507495903e-4
ENSG00000111581	NUP107	-0.8773150739562994	8.968889832664912	1.4656508684369457e-4	6.621735462015124e-4
ENSG00000166046	TCP11L2	1.0112979211215942	12.73776050757376	1.5853568628069366e-4	7.126017327208731e-4
ENSG00000120833	SOCS2	-1.2788501527927016	6.980678769590261	1.7052840098399794e-4	7.626168592228537e-4
ENSG00000177192	PUS1	-1.0964641000396196	7.182089802121743	1.7171673244296474e-4	7.640527337487472e-4
ENSG00000126749	EMG1	-0.9609836783449053	8.61889393598142	1.751200170959234e-4	7.752800756859725e-4
ENSG00000135439	AGAP2	1.1259456562214514	9.00198173143045	1.900073293604634e-4	8.369822858328413e-4
ENSG00000284634	ENSG00000284634	-1.3018917771351939	6.890421703536659	2.0556366507901912e-4	9.010029300229644e-4
ENSG00000119242	CCDC92	-1.031497692308287	7.335779876396078	2.1069373516743905e-4	9.189167360520485e-4
ENSG00000089220	PEBP1	-1.1510353615619058	8.89358590476366	2.1473596607197854e-4	9.319329364995719e-4
ENSG00000111653	ING4	0.7575605105766371	8.863756823079266	2.3250777840313604e-4	0.0010041144743782493
ENSG00000258316	KLF17P1	1.8639178433363128	5.659931693152414	2.348547606344483e-4	0.0010093026542387755
ENSG00000135108	FBXO21	-0.8219560199220559	9.050339643622777	2.5549922883098553e-4	0.001092693303883972
ENSG00000273824	ENSG00000273824	-2.267978092928006	6.170545368566773	2.644433140473359e-4	0.0011254809646169222
ENSG00000135441	BLOC1S1	0.9579090687691025	7.873454510117202	2.682773243049804e-4	0.0011363092438109988
ENSG00000139428	MMAB	-1.2461670000717924	6.335317551221263	2.7282105618188816e-4	0.001150025600460495
ENSG00000089154	GCN1	-0.790297590800601	9.529429455394729	2.89854793250678e-4	0.0012160098707326063
ENSG00000136045	PWP1	-0.8639686583132415	8.355289923381838	2.962799915002052e-4	0.001237074277306544
ENSG00000256356	HSPA8P5	-2.0506429391817864	4.455875787485233	3.1525641184088294e-4	0.0013100985793953672
ENSG00000135144	DTX1	-1.8019268995711983	4.566618311944597	3.188302157145096e-4	0.0013187296715703426
ENSG00000110944	IL23A	-1.8655850615354277	5.51726519575986	3.4003454849571366e-4	0.0013981016478618147
ENSG00000289154	ENSG00000289154	-1.3982553005848848	5.206890897649512	3.412122228643072e-4	0.0013981016478618147
ENSG00000166860	ZBTB39	-0.8623814916267835	7.731304091615331	3.427808807470511e-4	0.0013981016478618147
ENSG00000139193	CD27	-1.5034856893859985	6.997295249338268	3.805930913294344e-4	0.0015383612602693003
ENSG00000179195	ZNF664	-0.7522744100333217	9.344407546954537	3.8066146962395856e-4	0.0015383612602693003
ENSG00000050438	SLC4A8	-1.500296637839091	7.208840246459053	3.9567104853453544e-4	0.0015856655649500295
ENSG00000205885	C1RL-AS1	1.4174912906052122	9.05569193251896	3.959664293859324e-4	0.0015856655649500295
ENSG00000139180	NDUFA9	-0.7538065389649935	9.355786218639839	4.009710079828943e-4	0.0015984409865743435
ENSG00000277283	ENSG00000277283	-1.2840756887472136	5.385967569793591	4.321765558266033e-4	0.0017150790346091781
ENSG00000111640	GAPDH	0.9138446937294166	13.615812522422594	4.5405862778349806e-4	0.0017938370003464654
ENSG00000012822	CALCOCO1	1.0275482146097001	10.792683725119108	4.732840030372496e-4	0.0018614428869456112
ENSG00000290576	ENSG00000290576	-2.034392430992512	4.228770808496801	4.8066217354444794e-4	0.0018820594439673717
ENSG00000061273	HDAC7	0.8687740916653607	9.458672196040586	4.980693941923197e-4	0.001941589098599264
ENSG00000136014	USP44	-1.5180916988076782	5.858317754680805	5.14078971990697e-4	0.001995169930941868
ENSG00000139278	GLIPR1	0.9974708987980346	13.006811732629702	5.169153331179365e-4	0.0019973789845478163
ENSG00000089693	MLF2	1.194627201116443	9.715835234483368	5.22737529689609e-4	0.0020110557364914653
ENSG00000133858	ZFC3H1	0.8267517598040274	11.739464734360343	5.340434126152418e-4	0.0020456184631044696
ENSG00000151490	PTPRO	-0.9933501538446329	8.168988725619178	5.945371779947821e-4	0.002267477289235511
ENSG00000111452	ADGRD1	-2.3433581428848633	6.0077559576740205	6.229845352712686e-4	0.0023657300671292574
ENSG00000183495	EP400	-0.8453492832264243	8.49534827893344	6.352417096332531e-4	0.0024019225158235877
ENSG00000248008	NRAV	-1.6310466090946674	5.332454412813037	6.588941476367454e-4	0.0024807083079827893
ENSG00000167768	KRT1	-1.0173882550520794	10.143323131073002	6.721810454771694e-4	0.0025199638343207926
ENSG00000247077	PGAM5	-0.9340092319887725	7.378384019741013	6.836512352089143e-4	0.002550542862586024
ENSG00000276115	ENSG00000276115	-1.7579614634782241	5.256766609338847	6.861278756332437e-4	0.002550542862586024
ENSG00000281344	HELLPAR	-3.0865763264404125	8.771350771535579	7.464992990925327e-4	0.002763302027313115
ENSG00000256682	ENSG00000256682	-1.5316320240483294	4.9740005858849425	7.570287173243616e-4	0.002790282726914996
ENSG00000257715	ENSG00000257715	2.6516247073508428	4.252992658211469	7.601224227691248e-4	0.002790282726914996
ENSG00000255776	VDAC2P2	-2.3751431536625702	6.539434157904282	8.111471451942324e-4	0.0029652308502743515
ENSG00000123106	CCDC91	-0.901391856374341	8.748850116026427	8.366905219471308e-4	0.0030459683877496787
ENSG00000151746	BICD1	-1.0535722018462803	7.735573832903101	8.565980772718939e-4	0.00310560866698164
ENSG00000072609	CHFR	0.792180380920765	10.25152855853896	8.74616203574238e-4	0.003157938013725015
ENSG00000134287	ARF3	1.0675808576141272	9.697341526471659	8.904510690085682e-4	0.003201989354271627
ENSG00000130787	HIP1R	-1.1270116713706193	8.46705684423419	0.00100442949846928	0.0035971641794773812
ENSG00000139537	CCDC65	-1.580438615335278	5.41338997187553	0.001017716027697487	0.0036299911757145184
ENSG00000246627	CACNA1C-AS1	-1.3148418566563824	5.469569063863432	0.0010228290592136915	0.003633517746642186
ENSG00000111142	METAP2	-0.72514404102266	8.231368521741755	0.0010597535082785554	0.0037495696417405916
ENSG00000251301	LINC02384	-2.022988070899974	7.819776647313652	0.0010961253075698022	0.003862745583875983
ENSG00000171792	RHNO1	-0.8842272574250232	7.010891030735905	0.001152692105214307	0.004035134068765166
ENSG00000069493	CLEC2D	-0.8773233399101096	11.742470919078423	0.0011542040696127377	0.004035134068765166
ENSG00000139211	AMIGO2	-0.9370148488061469	7.242462743160148	0.0011596732382155354	0.004038229734655678
ENSG00000256019	TAS2R63P	-1.5990928624708431	4.898787952929536	0.0012021016221949385	0.004169494209266696
ENSG00000139266	MARCHF9	-1.0835025716945292	6.4793507957133665	0.001210273660218249	0.004181376841773637
ENSG00000289557	ENSG00000289557	1.6299481313586401	6.117160252312103	0.0012552698847931494	0.004319893626963924
ENSG00000089818	NECAP1	0.7276794162436052	10.595538583671578	0.0012922888891792447	0.004419609161668231
ENSG00000166881	NEMP1	-0.7927419943282541	8.647843795822187	0.0012942782788994364	0.004419609161668231
ENSG00000177084	POLE	-0.7708456472384347	8.098844182036213	0.0013054752964673936	0.004440632186053181
ENSG00000123095	BHLHE41	-2.0161951335473702	4.349939862175559	0.0013695119649831853	0.004640538619808408
ENSG00000178498	DTX3	-1.8950273200349113	4.379411215965628	0.0013928877348083958	0.0047016631968053516
ENSG00000280381	ENSG00000280381	-2.1402837090708258	5.884286907335294	0.001489647410121254	0.005009081558461163
ENSG00000111615	KRR1	-0.8452298513156794	9.436051566072171	0.0015922468577450604	0.0053337242649178634
ENSG00000227825	SLC9A7P1	1.1185746723305432	7.558140690067858	0.0016179141111597516	0.0053991754997414435
ENSG00000279500	ENSG00000279500	1.0202470257520992	8.307741129159814	0.001693468132469771	0.005629982734739126
ENSG00000166986	MARS1	0.7328056457875917	10.029061040297847	0.0018056588535064603	0.005980396428342825
ENSG00000179088	C12orf42	-1.4201834322588414	4.8419304621130275	0.0019319102996188916	0.006374580426832372
ENSG00000059758	CDK17	0.6567467944496566	10.85549562019437	0.0019698993942152197	0.006465906487031921
ENSG00000129317	PUS7L	-0.7107186177499709	10.218089606788618	0.001974266566414968	0.006465906487031921
ENSG00000008405	CRY1	-0.881845233041529	7.3620852035849875	0.0019959754351425853	0.006512793919854139
ENSG00000111269	CREBL2	-0.7668187377482845	10.143484801930267	0.0020246370299514247	0.006581938093679724
ENSG00000135486	HNRNPA1	-0.7809708039031953	12.38855008137857	0.0020558303977312492	0.006658774192651582
ENSG00000089022	MAPKAPK5	-0.6110003102651943	9.358038686491138	0.002264524328681894	0.00730786056252289
ENSG00000169884	WNT10B	-1.5168526877892052	4.523707758660599	0.002281137582069516	0.007334606605121327
ENSG00000111788	ENSG00000111788	-1.942220583116165	4.973008677273122	0.0023020665805465962	0.007372081771547676
ENSG00000175203	DCTN2	0.6323969671219248	8.968029442303017	0.002313569719433514	0.007372081771547676
ENSG00000257599	OVCH1-AS1	2.4447216831560192	8.176030472496548	0.0023186429671140465	0.007372081771547676
ENSG00000111530	CAND1	-0.7565110917097736	10.873145711050979	0.002326264168547394	0.007372081771547676
ENSG00000111678	C12orf57	-1.0520375303167422	8.549898373549414	0.0023609431941384973	0.00745516470980651
ENSG00000064102	INTS13	-0.7794029254143232	7.843781518436451	0.0024016817064158587	0.007556719940544183
ENSG00000111490	TBC1D30	1.7646296025091641	7.5021100048944875	0.002471180449677819	0.00773099776452121
ENSG00000257433	RPAP3-DT	0.9684374243114267	7.793056335869677	0.0024746213048751206	0.00773099776452121
ENSG00000135678	CPM	1.3411385821014223	7.2407337505138365	0.0025928132209318915	0.008071619956328609
ENSG00000047621	C12orf4	-0.7918766138527905	7.775886516700255	0.002659095127704058	0.008248812702490406
ENSG00000256188	TAS2R30	-0.8201525699318417	7.979215484591008	0.002816249827245315	0.008705670518607447
ENSG00000280088	ENSG00000280088	1.3126945405206798	7.6962188817255415	0.0028892848838334177	0.008897441366761266
ENSG00000253284	ENSG00000253284	-1.9447164235223464	5.757021183382789	0.002898485439569221	0.008897441366761266
ENSG00000212128	TAS2R13	-1.1547501514068905	6.047271839071018	0.0029403793320297413	0.008994702053882645
ENSG00000256537	SMIM10L1	-0.8203611915878943	7.804290231332472	0.0030031951276085467	0.009155068883817057
ENSG00000275367	ENSG00000275367	-1.5432206490609104	4.898904803456555	0.0030305404534370865	0.00919955129366054
ENSG00000111727	HCFC2	-0.7390889322760914	9.017908659540412	0.003038671312661995	0.00919955129366054
ENSG00000111796	KLRB1	-1.2464249874700697	7.915865119255891	0.0030899984248399176	0.009322906206451943
ENSG00000084444	FAM234B	-1.0600842173326093	6.5393545760842695	0.003103032685879863	0.00933027916812341
ENSG00000169372	CRADD	0.7514575714889427	7.569204834998875	0.0031178547138420573	0.009342959193519906
ENSG00000290469	ENSG00000290469	-1.664565800610241	3.9789617930303645	0.0032427841821862416	0.009671328229795901
ENSG00000256223	ZNF10	-1.0524137410416219	7.383991747094426	0.0032493906424739915	0.009671328229795901
ENSG00000139572	GPR84	2.365237714418726	5.962584659072283	0.0032706457923428324	0.00967928987127992
ENSG00000087470	DNM1L	-0.681012667484846	9.494191758273018	0.0032740390256996784	0.00967928987127992
ENSG00000120805	ARL1	-0.7256545459146401	8.166464659483308	0.0033836387979731676	0.009969852110415922
ENSG00000213809	KLRK1	-1.1349309132922	10.194119421422776	0.003533997465299463	0.010378172556429423
ENSG00000256581	NLRP9P1	1.7261271539090124	6.606981637579631	0.0036401335595524554	0.010654344405201705
ENSG00000257303	CNPY2-AS1	-1.838662393151298	4.231428979075009	0.003894500375908305	0.011338201880199149
ENSG00000151239	TWF1	0.7381107645074715	9.47777089502378	0.0038995177862659954	0.011338201880199149
ENSG00000279283	ENSG00000279283	1.818105384543605	4.592097318480393	0.004031183945727641	0.01168247715850675
ENSG00000287713	ENSG00000287713	1.6669744553294998	6.351318907062443	0.0041972580982138465	0.012123883227955407
ENSG00000110987	BCL7A	-1.361136476064892	5.490175576506402	0.004223766049404391	0.01216058133831787
ENSG00000184293	CLECL1	-1.3744979389675152	4.691696517793764	0.004239735409998382	0.012166797707519788
ENSG00000151135	TMEM263	-0.9618848168718171	8.198124902464748	0.004299693220003438	0.012298797814360482
ENSG00000280120	ENSG00000280120	-1.0347663934396454	5.921131852103678	0.0043605712286864115	0.012432567160105918
ENSG00000214198	TTC41P	-1.4427900777788287	4.576069500473779	0.004377417805805537	0.012440338990047347
ENSG00000174099	MSRB3	1.1439639061553135	7.216773505556235	0.004449148436411003	0.012603536245910268
ENSG00000121318	TAS2R10	-1.5111460259578349	4.348795859973688	0.004525031021426171	0.012777411313706593
ENSG00000184752	NDUFA12	-0.702269998324612	8.707337685730684	0.004584595901918479	0.012904245973131565
ENSG00000186815	TPCN1	-1.1087207694703358	6.167032986167285	0.004713815643956471	0.013225705676196341
ENSG00000135124	P2RX4	-0.6083631044672713	8.199817256038843	0.004765105682567135	0.013315527691907013
ENSG00000073614	KDM5A	0.7195210379598053	13.014494836855247	0.004776057605723741	0.013315527691907013
ENSG00000180881	CAPS2	-1.1185271278639952	5.717533360859183	0.005363696443514633	0.014906676866676315
ENSG00000122966	CIT	-2.227206760188532	6.480719957975058	0.005429833815532488	0.015043030161899756
ENSG00000166532	RIMKLB	-0.567777436331942	8.453034650905787	0.005804483570520982	0.016012441718519555
ENSG00000013503	POLR3B	-0.6066248174080838	7.685455777308149	0.005816096878463403	0.016012441718519555
ENSG00000111358	GTF2H3	-0.7938359798758536	7.939972702076302	0.005935521412452676	0.016290325122650492
ENSG00000212127	TAS2R14	-1.1309572735661721	7.134544739699956	0.005965021472476364	0.01632044694798657
ENSG00000111540	RAB5B	0.8900201855575043	9.652132548098908	0.006049942578436495	0.016501546165952174
ENSG00000172819	RARG	-0.9490496400615646	6.2297376845833075	0.0060997091577646234	0.016585937555526644
ENSG00000229899	ENSG00000229899	1.8028117855398909	6.949208225782488	0.00620288862452664	0.01681459962525529
ENSG00000111144	LTA4H	1.0231553932791395	12.374378726266299	0.006393454191897156	0.017278015776261948
ENSG00000157895	C12orf43	-0.8476330953599763	6.829814271428314	0.006435909312954728	0.017339559953251118
ENSG00000150967	ABCB9	-1.9693435319593444	5.352903237037235	0.006482212884410331	0.017411065704772872
ENSG00000170633	RNF34	0.5691550571309522	10.304042633037861	0.006540982690781743	0.017473277815025248
ENSG00000255857	PXN-AS1	-1.5217668386900505	4.822107838140878	0.006545041633323872	0.017473277815025248
ENSG00000170515	PA2G4	-0.899958560587879	9.30187302225306	0.006604392515296958	0.01757845862832816
ENSG00000050426	LETMD1	-0.6303042380897258	8.870662344209835	0.00678806273328132	0.018012901409701337
ENSG00000151136	ABTB3	-0.8881085632333993	7.855420164192204	0.006907064969147864	0.01827364635981762
ENSG00000188735	TMEM120B	-1.1311191592587175	5.609634128337794	0.006975530278741416	0.01837976189353488
ENSG00000111331	OAS3	1.9199722384927895	10.655505804281594	0.006988899244420186	0.01837976189353488
ENSG00000151065	DCP1B	-0.8432406874920932	7.201567061959785	0.007372751316319041	0.01933152949308653
ENSG00000198056	PRIM1	-0.9756103067544869	6.970993987354484	0.007431973365612751	0.019414506964430228
ENSG00000181852	RNF41	0.6593075469595765	10.422792291716503	0.007448471457409099	0.019414506964430228
ENSG00000139579	NABP2	-1.051611517745707	5.363455180500013	0.007691028899682091	0.019981748785092502
ENSG00000212126	TAS2R50	-1.2194016295657117	5.389258846508645	0.007711458100943757	0.019981748785092502
ENSG00000175727	MLXIP	0.6883002192653234	9.325831258781953	0.007774864405116994	0.020086966395624843
ENSG00000184575	XPOT	-0.5910900883417644	9.879278919069995	0.007848540705244265	0.020218024448304672
ENSG00000090612	ZNF268	-0.689868463006825	8.641292961401101	0.007933627460754347	0.020377626218439006
ENSG00000150990	DHX37	-0.8990972242559797	6.593275487870336	0.007972273454731374	0.020417363120983547
ENSG00000286402	ENSG00000286402	1.641872004708674	4.045197245549172	0.008044396921597663	0.020542358515732006
ENSG00000118600	RXYLT1	-0.8793336924448059	7.228944909122919	0.008372059197247072	0.02131729523923315
ENSG00000110844	PRPF40B	-1.58636769868609	4.980481136500012	0.008545276111728308	0.021678129022391655
ENSG00000184209	SNRNP35	0.56800058137602	8.338917384278643	0.008562983995223946	0.021678129022391655
ENSG00000182199	SHMT2	-0.6259531897838199	8.695036122633116	0.008668051087200986	0.021881240710097616
ENSG00000134532	SOX5	-1.2321363188350793	4.901282086309494	0.008771397751098496	0.0220788611963365
ENSG00000111716	LDHB	-1.1605421641035643	10.910809865500445	0.008798849233324212	0.022084860896178435
ENSG00000139146	SINHCAF	-0.6699787336665036	9.665895029552189	0.008924587975081038	0.022336823880813622
ENSG00000256950	ENSG00000256950	1.4185615903394049	4.401252758135029	0.009057542973901943	0.02257522634747694
ENSG00000139291	TMEM19	-0.6962947846523592	9.197990906901996	0.009071089814990734	0.02257522634747694
ENSG00000135119	RNFT2	-1.5708435651429233	5.004551717478511	0.009105919854993627	0.022598071527463057
ENSG00000290003	ENSG00000290003	1.8173037259808453	6.813064814461772	0.009324134934368436	0.023074614823535372
ENSG00000174106	LEMD3	0.570764015116218	10.429777106602902	0.009410508327133497	0.023172348825002357
ENSG00000074590	NUAK1	-2.0014100431958015	5.188182803604272	0.00942019294715045	0.023172348825002357
ENSG00000110911	SLC11A2	-0.5808538094747477	9.154944264689131	0.009442534878746705	0.023172348825002357
ENSG00000150048	CLEC1A	1.7458947018311304	6.176100950656306	0.009517026222295877	0.02329027806067408
ENSG00000111642	CHD4	0.6902030180953331	11.385965070258852	0.009771879630309186	0.023847717324937377
ENSG00000185163	DDX51	-1.1358109206792297	5.973921699564275	0.009832786844891235	0.02393006964184856
ENSG00000139173	TMEM117	-1.2858901234449664	5.420804052469442	0.00990032697686466	0.024028066299222495
ENSG00000110921	MVK	-1.211484074440465	6.374577709729983	0.010025087259742098	0.024264016142397767
ENSG00000111361	EIF2B1	-0.5692585856996861	8.794144346846636	0.010250563114013908	0.02474177014642809
ENSG00000273015	LINC00938	-0.7079212048031949	9.78682929502918	0.010313325780053935	0.02482524593504786
ENSG00000167535	CACNB3	-1.4764921510789206	4.508803823532026	0.010542557593597304	0.025307883487627317
ENSG00000275778	ENSG00000275778	-1.6391210874561981	5.293873873518105	0.010680246782476432	0.025568742976526455
ENSG00000061794	MRPS35	-0.6995340045325765	8.133500236040906	0.01090386185397273	0.02603333954837392
ENSG00000188026	RILPL1	1.4007507679707347	6.315148150005678	0.010962370626232934	0.0261022933019222
ENSG00000111644	ACRBP	0.9751217746895139	5.84809253615537	0.010997104733313638	0.026114418517653143
ENSG00000256981	ENSG00000256981	-0.9008322333241346	6.835096254133091	0.01116920108542209	0.02645179074262597
ENSG00000123352	SPATS2	-0.8871858733046355	5.7171672190219205	0.012206017009832613	0.028829761355663626
ENSG00000245904	BTG1-DT	-0.9414145906534003	6.373034669722768	0.012322059060047165	0.028965646841929427
ENSG00000118596	SLC16A7	-0.6735722358617372	10.798366990921023	0.012329304841910936	0.028965646841929427
ENSG00000139289	PHLDA1	-0.7630010935917327	6.340338312462493	0.012737872932539172	0.029845920355231412
ENSG00000139547	RDH16	-1.3028182568099087	4.896115864066971	0.013111013168981679	0.03063873369197045
ENSG00000110841	PPFIBP1	-1.125911630830379	5.877774819173756	0.013191065227348501	0.030744255199190555
ENSG00000256128	LINC00944	-1.3759802976895181	7.792759089565087	0.01380929138970941	0.032100226159192585
ENSG00000204852	TCTN1	-1.0186792617347837	7.287982157452088	0.01400226978697569	0.03246315705875154
ENSG00000139433	GLTP	0.5586954741036012	9.486315335622066	0.014396685026045295	0.03328997246180028
ENSG00000204954	C12orf73	-1.0067971896074237	5.2310057329408854	0.014483909180052393	0.03340398949640355
ENSG00000111652	COPS7A	0.6637770588491537	7.761440464075031	0.014623365630009036	0.03363755906015133
ENSG00000081760	AACS	-0.9504291906200847	7.207912995980227	0.015408639871592862	0.035084697178858745
ENSG00000134291	TMEM106C	-0.683393526546997	7.252277466615241	0.015456497070242457	0.035084697178858745
ENSG00000177425	PAWR	-0.7501971924539551	7.627445038995894	0.015472443244116868	0.035084697178858745
ENSG00000110888	CAPRIN2	-0.8424866072211554	9.539171317052448	0.015481965825175166	0.035084697178858745
ENSG00000037897	METTL1	-1.1105772468466828	4.506479293503694	0.015483274381864118	0.035084697178858745
ENSG00000257379	ENSG00000257379	1.1917224802405866	5.512468661401029	0.015491427017679967	0.035084697178858745
ENSG00000257511	ENSG00000257511	-1.2464051861640366	4.323639333649188	0.015711361176531328	0.03549156204236949
ENSG00000175970	UNC119B	0.5193752722564374	8.670158593957668	0.015952745376233323	0.03594467692189657
ENSG00000139625	MAP3K12	-0.9448589104161649	6.830158941657981	0.016143435411635196	0.03628154744298625
ENSG00000139233	LLPH	0.47716107085435244	9.4357855973592	0.016542947352058617	0.03708482599787186
ENSG00000123064	DDX54	-0.6468072531080491	7.362916433449451	0.016611279994568507	0.037104638021787435
ENSG00000074527	NTN4	-1.3682292941943777	4.3342768554777935	0.016636018182299702	0.037104638021787435
ENSG00000111602	TIMELESS	-0.6560912217924972	6.805661047734538	0.01687136751974856	0.03753453228509718
ENSG00000139133	ALG10	-0.5773392636626307	8.3460935310180009	0.017091966753459205	0.03792952823626589
ENSG00000269938	ENSG00000269938	-1.0078669083680754	5.510262996143071	0.017283590113789635	0.03825839922173033
ENSG00000073060	SCARB1	-1.334365394300464	6.281760379397266	0.017800180540651196	0.03930315552960828
ENSG00000110917	MLEC	-0.49856797060624725	9.954771178361158	0.017918225916517587	0.039464892581129986
ENSG00000123415	SMUG1	0.44101792755887426	8.522005937139902	0.017972808464335778	0.0394863946560594
ENSG00000205846	CLEC6A	1.2059715777960964	5.923669556833101	0.018082039129351926	0.039574503539482504
ENSG00000175782	SLC35E3	0.7968181461456552	9.43201865574014	0.018102752470387572	0.039574503539482504
ENSG00000139343	SNRPF	-1.027451640941317	6.370164837172921	0.01847194295239428	0.040281637972919206
ENSG00000271327	ENSG00000271327	1.0791296493780658	6.2514466778334565	0.018539336442348116	0.04032877877952763
ENSG00000279233	ENSG00000279233	-1.4549891576199159	4.589445960833086	0.018637241193827737	0.04044189529990699
ENSG00000256433	ENSG00000256433	2.0733701729142404	4.73862893673251	0.018879657009045016	0.040867267383215375
ENSG00000168778	TCTN2	-1.0470620991781119	5.187251973511168	0.019320567647890616	0.04171916690635204
ENSG00000152556	PFKM	-0.7414872851491476	6.953361209453385	0.019583730892444664	0.04218402669008252
ENSG00000186666	BCDIN3D	-0.6118087033626852	7.15156992579253	0.019893032235941945	0.042745759511865496
ENSG00000139624	CERS5	0.4958795798705912	8.845175102839963	0.01998392174961159	0.04283658165792655
ENSG00000123104	ITPR2	0.5620378705422436	12.154218356226062	0.020177140458230387	0.04314577850412857
ENSG00000196876	SCN8A	-2.0198787138739673	5.713174476171446	0.020462417222421377	0.04364985368753809
ENSG00000196668	LINC00173	1.8836386198743422	5.288511424094397	0.020596350977066007	0.04374209017776746
ENSG00000236333	TRHDE-AS1	-2.391232514799088	4.9918362647214165	0.02060495734821055	0.04374209017776746
ENSG00000213442	RPL18AP3	-0.7482720781848177	6.812287468155222	0.020842655794746014	0.044140335949930866
ENSG00000123297	TSFM	-0.6480284697632216	7.284655115250002	0.020927324069715796	0.0442133633223492
ENSG00000175548	ALG10B	-0.6739875959827316	8.835514862755716	0.022101300742515918	0.046502742900522885
ENSG00000111696	NT5DC3	0.9289453903160858	7.559733854521812	0.022116514500929725	0.046502742900522885
ENSG00000139344	AMDHD1	-1.2685066199282042	3.9566959224121407	0.022239865306330785	0.04665076508304148
ENSG00000139637	MYG1	-0.8675777565410994	8.024955697305574	0.022382458839923854	0.04683835210919932
ENSG00000170581	STAT2	0.7403097677525483	11.008327575142996	0.022693036691476657	0.04737574721609226
ENSG00000187109	NAP1L1	-0.624165987453126	10.764579621325275	0.024039945097880787	0.050069010948541305
ENSG00000179715	PCED1B	-0.8449141939504399	5.887528134649338	0.024265452594535553	0.05041948994289109
ENSG00000139405	RITA1	-0.7815843368540879	6.440005721086926	0.02440167668978816	0.05058324038518439
ENSG00000184574	LPAR5	-0.8888741543715203	6.255735054551435	0.024624870646735783	0.05092608225299114
ENSG00000136052	SLC41A2	-0.9535357728957414	5.2815660916856375	0.02497755061028807	0.05153447795705805
ENSG00000185344	ATP6V0A2	-0.4847052194311536	9.86400700477775	0.025195309011052113	0.05185451463208606
ENSG00000161813	LARP4	-0.5548036429881048	9.214265806299682	0.025250382266929536	0.05185451463208606
ENSG00000139546	TARBP2	-0.7880142299559647	6.18520864427083	0.025502640885932484	0.052250759582573296
ENSG00000277715	ENSG00000277715	1.3477151547379715	5.613839035155761	0.025810871372298694	0.05275957698142726
ENSG00000187510	PLEKHG7	-1.4439985871451866	4.986233318218941	0.02601101945895538	0.0530456207021752
ENSG00000135643	KCNMB4	-1.3439875522496634	4.801865355741044	0.026399277750257234	0.053713080133895204
ENSG00000247853	ENSG00000247853	1.2232186037368593	4.692027077673165	0.026487993223930625	0.05376940559973014
ENSG00000256436	TAS2R31	-0.899228173030944	6.955330606337285	0.026807806351065305	0.05429351125353686
ENSG00000075188	NUP37	-0.7538652298866604	6.79715939810579	0.027263566361345797	0.055089912762260655
ENSG00000172322	CLEC12A	1.3707433652759555	10.896881646873716	0.027849776326673147	0.05598785934390399
ENSG00000111786	SRSF9	0.5855752683983275	10.655432640654793	0.027883319091213204	0.05598785934390399
ENSG00000183150	GPR19	-1.1241441315874607	4.678199800713541	0.027898604145259763	0.05598785934390399
ENSG00000070961	ATP2B1	0.4562291078241491	12.079374547018645	0.027962188116693643	0.05598792666092523
ENSG00000239002	SCARNA10	1.526015970600249	15.637952226174603	0.028235143395404918	0.05640626152233953
ENSG00000274315	ENSG00000274315	1.004592199654135	4.775003673414626	0.028415370501381824	0.05663787649709816
ENSG00000139718	SETD1B	0.6882491496192127	7.637094149610651	0.02857596414579656	0.05673767271797235
ENSG00000256039	LINC02446	-1.2314204251130831	6.916644273127519	0.028594241415186974	0.05673767271797235
ENSG00000111666	CHPT1	0.8622646195478179	10.591601913177609	0.028935468498108508	0.05728572527378336
ENSG00000111707	SUDS3	0.48795144305882493	10.70799169020183	0.029081282182054136	0.05744531300984236
ENSG00000078246	TULP3	-1.1096060777847394	4.715522986560589	0.029309664766498652	0.057766923175134925
ENSG00000166908	PIP4K2C	0.6225598790956757	8.737870725681619	0.03036969469440122	0.05972254693251668
ENSG00000139131	YARS2	-0.7089086718444063	7.798909284900339	0.030572117895962033	0.05998671685154243
ENSG00000284697	ENSG00000284697	1.2452099442874334	4.279185440947752	0.030898611408561392	0.06049261477987242
ENSG00000065357	DGKA	-0.6186193932988108	10.171169755200436	0.031070450879276484	0.060646643569911896
ENSG00000196465	MYL6B	-1.096200046581301	4.144231693231894	0.0311149635568674	0.060646643569911896
ENSG00000167566	NCKAP5L	0.7504840115061949	6.481266618432907	0.03192533849123456	0.061918289196420645
ENSG00000111247	RAD51AP1	-1.2080400636471385	3.9761303707603397	0.03197010088790829	0.061918289196420645
ENSG00000234608	MAPKAPK5-AS1	-0.6864104032402961	7.139605448406825	0.03197823108328195	0.061918289196420645
ENSG00000176871	WSB2	0.5292217093267684	9.59710456133497	0.03322222945935092	0.06418593016159684
ENSG00000226761	TAS2R46	-0.9534648847329595	6.03775081454964	0.034327620006300116	0.06617644031849103
ENSG00000257727	CNPY2	-0.5340231233808915	7.889907542224743	0.03442814237612424	0.06622531317328702
ENSG00000139697	SBNO1	0.4551745086795132	11.201295790364698	0.03478810602217078	0.06677194205998356
ENSG00000170653	ATF7	0.6852207170209895	8.264607435069134	0.03518807929895377	0.06739282143995276
ENSG00000184967	NOC4L	-1.0163821856812298	4.461132768820491	0.03530323028813181	0.06746669389120201
ENSG00000121350	PYROXD1	-0.6069238688986631	8.697912196687888	0.038069832736936614	0.07259636935333584
ENSG00000139324	TMTC3	-0.48036258669777576	8.60225520917547	0.03880634598710091	0.07384101687826328
ENSG00000233560	KRT8P39	-0.7877202661920388	5.290365033862088	0.03905206824113116	0.07414843129404429
ENSG00000111424	VDR	0.9600682656474661	7.233995990702685	0.03946004256861048	0.07473824112685121
ENSG00000139636	LMBR1L	0.5083483071841794	9.311042923739205	0.03953237271862958	0.07473824112685121
ENSG00000215039	CD27-AS1	0.6554294818852733	6.6868206322432675	0.039646329600164905	0.07479318282172437
ENSG00000179912	R3HDM2	0.5525975774297028	8.140934490480534	0.04054064562010519	0.07631689912673648
ENSG00000270130	ENSG00000270130	-0.9010272134438055	4.684376220927754	0.04065256067096249	0.07636440501304467
ENSG00000161835	TAMALIN	-1.1407613650151667	5.075422434192395	0.041136030795968344	0.07710817687499598
ENSG00000181929	PRKAG1	0.40837629991940194	8.898723419197918	0.041345600177343685	0.077336462327473
ENSG00000139239	RPL14P1	-1.0994739202334243	5.083842541517954	0.04147654312816438	0.07741702223710344
ENSG00000166226	CCT2	-0.7534842727352062	8.96660843586331	0.04183123625633197	0.07791399395735404
ENSG00000274292	ENSG00000274292	0.8229964691118822	5.867552488665084	0.0420209361652369	0.07810220413834117
ENSG00000279148	ENSG00000279148	1.0948238564127448	5.422332418594938	0.042262303006053055	0.07838545041754262
ENSG00000247157	LINC01252	-1.6630882919382701	4.399593324790071	0.04292971608391283	0.07945605014690589
ENSG00000126746	ZNF384	0.522741257214367	8.331463941731922	0.04325565859769521	0.07972848254263534
ENSG00000111110	PPM1H	1.0384411710749863	6.936057775769986	0.043257905397706804	0.07972848254263534
ENSG00000285901	ENSG00000285901	-1.8900425966494714	5.106792215040108	0.04339499472913953	0.07981417610933597
ENSG00000186076	ENSG00000186076	0.6743422119712564	6.74329956493428	0.044024820283775294	0.0808038888958459
ENSG00000123395	ATG101	-0.5344940924067099	8.098004438567362	0.04494398307151171	0.08231943676923455
ENSG00000139168	ZCRB1	-0.5441147835432708	7.541668842319086	0.045375495671755355	0.08284073302938756
ENSG00000135519	KCNH3	0.9790870434042308	4.29358076732498	0.04541665613302405	0.08284073302938756
ENSG00000139714	MORN3	-0.818251670902058	5.827230082930318	0.04620843494007038	0.08394745800773833
ENSG00000256262	USP30-AS1	-1.0776882498650613	4.4944726062531934	0.04621398085556537	0.08394745800773833
ENSG00000111641	NOP2	-0.7567670483407845	7.537141671168416	0.0464793343891243	0.08425574814160186
ENSG00000167553	TUBA1C	0.47729482431217685	8.466305482624342	0.04671678407764272	0.08451229316715243
ENSG00000135090	TAOK3	0.4475110913227472	11.106179127045527	0.046951141408852634	0.08476220405983437
ENSG00000111670	GNPTAB	-0.4419607101458047	10.349576782852326	0.047311692175127464	0.08523844745662024
ENSG00000139410	SDSL	-1.0302646666921915	4.787413111223112	0.048738789712561924	0.08763035456483073
ENSG00000213443	NPM1P7	-0.8357973658739587	8.049149462972588	0.04892214653006246	0.08765732434335537
ENSG00000179941	BBS10	0.4156939179678082	8.812510459193897	0.04902890959165983	0.08765732434335537
ENSG00000133704	IPO8	0.41280014099003953	10.342280652314365	0.049052282521310095	0.08765732434335537
ENSG00000287074	ENSG00000287074	-1.1006801919024143	4.34029310846018	0.049197958965848436	0.08773967985609812
ENSG00000289437	ENSG00000289437	-0.9598640768430745	4.694851771673013	0.04961359108725846	0.08830216918762566
ENSG00000023697	DERA	0.46082946199564445	8.058409965234972	0.05234731916946484	0.09297981489576315
ENSG00000111554	MDM1	0.4392224178879502	9.226885764911087	0.05258436759926116	0.0932129333097567
ENSG00000177889	UBE2N	-0.4259037303032223	9.88273165819053	0.05363638216194649	0.0948868527804716
ENSG00000111450	STX2	-0.7257908794335285	7.753388101209454	0.05411205243753447	0.09553650941376327
ENSG00000089234	BRAP	0.40885106740222854	9.809279593138033	0.055163629267667755	0.09719831476963059
ENSG00000212124	TAS2R19	-0.8007119604196146	6.839650098877354	0.055366577839084136	0.09736118777691243
ENSG00000255639	ENSG00000255639	-1.6821357605915723	5.045421877690459	0.055822158764768565	0.09796677663697431
ENSG00000139351	SYCP3	-1.7011626335151189	4.482526849541919	0.0578898567688717	0.10139356622937568
ENSG00000089127	OAS1	0.925904810926589	10.784449521756967	0.05882513933459007	0.10282727728923383
ENSG00000185480	PARPBP	-1.128867233936369	6.1967805091632995	0.05896692066313914	0.10287100416678333
ENSG00000277595	ENSG00000277595	0.9843906814423152	5.508277390513204	0.05920041107823934	0.10289504821542932
ENSG00000134545	KLRC1	-1.193388987037815	6.947845488441678	0.059214289949174416	0.10289504821542932
ENSG00000135392	DNAJC14	0.42401602265780447	9.35737572115445	0.05948597005389842	0.10316366066433959
ENSG00000135446	CDK4	-0.8106535288816127	6.10331409106251	0.06034797228570405	0.1044529736418571
ENSG00000089009	RPL6	-0.5661852144320615	11.358136375408959	0.06083023847390848	0.1050812550892419
ENSG00000174600	CMKLR1	-0.7511395751811026	7.8361759941110245	0.061104218893374106	0.10527962150268505
ENSG00000198178	CLEC4C	1.927996996866004	6.921294217488593	0.061184070612230135	0.10527962150268505
ENSG00000003056	M6PR	-0.39694124997767694	11.376130959935665	0.06250583164925683	0.10734432296880168
ENSG00000135473	PAN2	-0.5531225053299725	8.441138848350988	0.06284177362549107	0.10771128903513157
ENSG00000290537	ENSG00000290537	-1.032487896445241	7.62843437882312	0.06358735568456186	0.10877759292834757
ENSG00000111224	PARP11	-0.44697357192488374	8.72383040115179	0.06382286893562948	0.10896889056645266
ENSG00000196458	ZNF605	-0.519184882124556	8.144190290941136	0.06415014280711019	0.10931581395176804
ENSG00000274979	ENSG00000274979	-0.8346431644402934	6.23980367765857	0.06519131543232014	0.11087557701906185
ENSG00000226210	WASH8P	-0.7569988659173328	7.007157030895758	0.06607291546866846	0.11215845573775898
ENSG00000006831	ADIPOR2	0.39416199054112433	9.686012737349715	0.06625935498350766	0.11225863796244277
ENSG00000082805	ERC1	-0.44400261914565253	9.405246908971332	0.06671798378765773	0.1128187019518742
ENSG00000184992	BRI3BP	-0.3731522798699141	9.256778414565703	0.06906103836055937	0.11655703983841532
ENSG00000170545	SMAGP	-0.9766353825645628	4.8140079844943635	0.07048193077447461	0.11872768836006142
ENSG00000279176	ENSG00000279176	0.9877955632189421	6.1482148111743316	0.07063974594381173	0.1187664430849201
ENSG00000183955	KMT5A	0.5002322384491921	7.4109562601902	0.07142331188229566	0.11985511955867138
ENSG00000111328	CDK2AP1	0.5570168293442795	8.264678033477358	0.07176929115852355	0.12020674051456132
ENSG00000271614	ATP2B1-AS1	0.5166121948503387	7.682589542171781	0.0719999065969826	0.12036417023138837
ENSG00000214826	DDX12P	-0.8942546506321731	4.54146816428001	0.07292470841629893	0.12167929567189271
ENSG00000123416	TUBA1B	0.39518767289984635	11.341403648408576	0.07318569747033819	0.1217753843420516
ENSG00000088986	DYNLL1	-0.379386750920285	8.78188301496802	0.07325874426933865	0.1217753843420516
ENSG00000135482	ZC3H10	0.3862251806561021	8.74040609516687	0.07639218310200152	0.12659570553456523
ENSG00000167272	POP5	-0.5445990687972658	7.034179019664901	0.076445987905095	0.12659570553456523
ENSG00000274021	ENSG00000274021	0.7316274988208755	5.624948946300676	0.07666816449618559	0.1267254276193987
ENSG00000270344	POC1B-AS1	0.5358370136867503	9.27754882633667	0.07873202893341126	0.1298931039144856
ENSG00000133641	C12orf29	-0.7590776307563969	8.448163814675297	0.0799181267609631	0.13150387771596272
ENSG00000183542	KLRC4	-1.011823637444663	7.236801649438951	0.08000689949575031	0.13150387771596272
ENSG00000290146	ENSG00000290146	-0.7498044607239391	5.797955681084803	0.08054382211245022	0.13213986458299562
ENSG00000253719	ATXN7L3B	-0.3904164416390702	9.923737954977067	0.08098239539343308	0.13261243557920918
ENSG00000170627	GTSF1	-0.9986189210622695	4.568827522376762	0.0817256237155529	0.1335812142734733
ENSG00000111731	C2CD5	0.41377812583739493	10.120827348570355	0.08446149478739716	0.13779736464388315
ENSG00000177119	ANO6	0.38867936440457496	10.765678921856825	0.08648815384113055	0.14084300098712757
ENSG00000177990	DPY19L2	-1.2227005880685142	5.164688140972989	0.08677746355933613	0.14105340478925302
ENSG00000062485	CS	-0.34394376589481956	8.649500034237215	0.08787810172313897	0.14257938787861035
ENSG00000250510	GPR162	0.7402096547835552	5.289095036687541	0.08974177845348151	0.1453354904733772
ENSG00000132341	RAN	-0.4872905726584039	10.202657347803024	0.09084706159214315	0.14685552525262038
ENSG00000134297	PLEKHA8P1	-0.5194866843116032	6.4365563867935345	0.09241016336812696	0.14886592920209452
ENSG00000150045	KLRF1	-0.9362464321060749	7.360339439436446	0.09242867567939353	0.14886592920209452
ENSG00000120832	MTERF2	-0.49923538189047445	7.45910512932779	0.0928600142791989	0.14928772368608437
ENSG00000258337	ENSG00000258337	1.1577371729793697	4.49037236029561	0.09413561216651661	0.1510627947517325
ENSG00000255837	TAS2R20	-0.656057716383788	7.3838374570359075	0.09495556845568687	0.15210155601720024
ENSG00000166598	HSP90B1	-0.42882822338786836	10.67736839379989	0.09572931785832073	0.1530626661219248
ENSG00000197837	H4-16	-0.5894604094292815	9.713429057832231	0.09698582216095837	0.15459901114414631
ENSG00000134531	EMP1	-1.3267356124839182	5.271522577611822	0.09704115001443009	0.15459901114414631
ENSG00000185432	METTL7A	0.40037153158896105	10.816854526274623	0.09741883875985187	0.15492057210727345
ENSG00000063046	EIF4B	-0.40753190636504183	13.02295416407077	0.09848732265440611	0.15633753379915638
ENSG00000111237	VPS29	0.3972635661975781	9.638522597490324	0.10027851544167454	0.15884355923604632
ENSG00000089157	RPLP0	-0.5636197289050233	12.881007214221679	0.10042663166229035	0.15884355923604632
ENSG00000247373	TMED2-DT	-0.7732907840346571	6.240765601579728	0.1011058252608748	0.15963124024163208
ENSG00000255819	KLRC4-KLRK1	-1.0512807185632875	6.844475763432152	0.10169194979621042	0.1602694235607538
ENSG00000123096	SSPN	-0.6569779479854339	5.873400952064705	0.10291434474055008	0.16190631735075825
ENSG00000123353	ORMDL2	0.3732784999796036	8.598135924798727	0.10332736056896777	0.16205586245255818
ENSG00000167550	RHEBL1	-0.9273947878869321	4.121875447223982	0.10337729250662622	0.16205586245255818
ENSG00000010278	CD9	0.7787350995465588	8.408240451078004	0.10452784677572369	0.16337737007826503
ENSG00000212125	TAS2R15P	-0.7955165709021536	6.538433240037178	0.10459118810912767	0.16337737007826503
ENSG00000075856	SART3	-0.35192519665732763	9.76370872177866	0.1067422270927834	0.16644230454644632
ENSG00000060140	STYK1	-0.9662994553724679	5.385165619659556	0.10712801602123236	0.1667487316514235
ENSG00000256862	PARP11-AS1	-1.0535213139573294	4.492778583811075	0.11050126098304322	0.17169596283255922
ENSG00000120802	TMPO	-0.39770847286812744	11.726979154102565	0.11095218123742576	0.1720930839263593
ENSG00000111726	CMAS	-0.5980317661951499	8.01114229908743	0.1114739174864064	0.17259845572148336
ENSG00000111011	RSRC2	0.3226358598438414	10.616007873940381	0.11245142641812919	0.17380650293749442
ENSG00000110801	PSMD9	0.46777250313194035	9.10251298343931	0.11670330012455948	0.1800623597368422
ENSG00000204856	FAM216A	-0.5842517226466255	6.600349824969791	0.1173614233543421	0.18076121324331362
ENSG00000129315	CCNT1	0.31193486495095946	10.566684328003225	0.1179056893973384	0.18128256956205085
ENSG00000161800	RACGAP1	-0.3896520959170757	7.293562098719317	0.11832547931449018	0.18161105797224014
ENSG00000135452	TSPAN31	-0.37592471169413216	8.265837490230583	0.11944943739760946	0.18298308762100218
ENSG00000174989	FBXW8	-0.7516468108439072	6.264721371945993	0.11963479962508203	0.18298308762100218
ENSG00000151229	SLC2A13	-0.3614415701685128	8.00589870076643	0.1212417685834662	0.1851195808007517
ENSG00000258102	MAP1LC3B2	0.9564674445725065	4.167466412745074	0.12209673561632116	0.1861024638027317
ENSG00000139154	AEBP2	-0.4052337661732014	9.69898512215894	0.12391831752859767	0.18855274221536192
ENSG00000258111	ENSG00000258111	1.1814576096128164	4.8714021009180355	0.12538456381815924	0.19042587982485343
ENSG00000258359	PCNPP1	0.7111566709346249	5.152850652472958	0.12565057041651023	0.19042587982485343
ENSG00000111412	SPRING1	-0.32296192144729285	9.470306350002579	0.12595875494438677	0.19042587982485343
ENSG00000010295	IFFO1	0.3622320821261411	8.020351466679706	0.1260139477161062	0.19042587982485343
ENSG00000240087	RPSAP12	-1.0131695016389792	5.311100279578136	0.12658355145067923	0.19095909045898699
ENSG00000205056	LINC02397	-0.5906603564038047	8.381669916340087	0.1290539939780397	0.19408947112771266
ENSG00000198598	MMP17	-0.9144297652835394	4.202814635325784	0.12909923959232647	0.19408947112771266
ENSG00000111145	ELK3	-0.40966978792334013	8.293418395364345	0.1293216220950822	0.19409258784628178
ENSG00000174437	ATP2A2	-0.3353860409660186	10.140198335273814	0.13003553354331437	0.1948321514484013
ENSG00000010219	DYRK4	-0.5303141099375978	6.879394083400675	0.13109503917124732	0.19608612820011695
ENSG00000258168	ENSG00000258168	-1.01054626992777	5.12728970809617	0.13598039750037874	0.20304869525056557
ENSG00000246705	H2AJ	-0.8413939339432114	8.631534952671972	0.13806147269839408	0.20580737300725074
ENSG00000151491	EPS8	-0.8672273308088887	5.0409337769227305	0.13844828382681654	0.2060353683301104
ENSG00000185482	STAC3	0.6256283615074681	5.593302221885781	0.13983172741756614	0.20774325776538913
ENSG00000123384	LRP1	0.503547391591134	9.558911556597408	0.14028640086666488	0.2080678773796831
ENSG00000086598	TMED2	0.31665146814121337	10.931165974616025	0.1406466105651133	0.20825153597960475
ENSG00000261324	ENSG00000261324	0.3717298520194648	9.365882521337896	0.14187762036767895	0.20972178446967307
ENSG00000257354	MIRLET7IHG	-0.3545445987664681	7.960520170434069	0.14231628799079662	0.21001783872678698
ENSG00000257167	TMPO-AS1	-0.643656068613013	5.150846503632009	0.14277240226293664	0.21033860600944343
ENSG00000089248	ERP29	-0.4183708530039584	8.705858142696304	0.14430507027049488	0.21224168098214688
ENSG00000240342	RPS2P5	-0.7566067747514627	10.30608525076408	0.14616997903679457	0.21462625255236
ENSG00000076067	RBMS2	-0.5477293885008778	6.801094605702254	0.14864882010636526	0.21754572335894526
ENSG00000151148	UBE3B	0.30829001319353333	9.78190825255416	0.14865212878783773	0.21754572335894526
ENSG00000159335	PTMS	-0.9556036759158881	6.824108141472518	0.14964795952220702	0.2186398877928099
ENSG00000110906	KCTD10	-0.3259704686309306	8.570774241238404	0.15064257920795912	0.21972866271889402
ENSG00000008394	MGST1	0.5903345743988103	6.484331916486396	0.1512312878496378	0.22022275139757172
ENSG00000139354	GAS2L3	-0.7919119690843014	6.260481359201765	0.1533702460494039	0.22296895506522255
ENSG00000111231	GPN3	-0.5606580306229164	6.838861031691877	0.15455799395672373	0.22432552335399278
ENSG00000084463	WBP11	-0.4098390668740765	7.060286403587297	0.15649156278254683	0.22675833357142067
ENSG00000166896	ATP23	-0.7391496835284161	6.1519781210732685	0.15785325606836645	0.22835585976392583
ENSG00000004478	FKBP4	-0.43089830580371646	7.25451297597139	0.16032714812984306	0.23155445492195367
ENSG00000255150	EID3	0.48009276957646874	6.942490827254846	0.16258569570754344	0.23413233951028556
ENSG00000289303	ENSG00000289303	0.6583018850269918	4.664366107208203	0.16264357750317227	0.23413233951028556
ENSG00000200795	RNU4-1	-1.626469208189757	6.884292977484733	0.1646205289517117	0.2365916574330473
ENSG00000089053	ANAPC5	-0.302268301256228	10.978386574434241	0.16683218728520546	0.23937973452486322
ENSG00000075415	SLC25A3	0.29076183550589163	11.031171025187342	0.16907359045125517	0.24199030040967934
ENSG00000134548	SPX	0.6334325820720639	5.889299024481102	0.1692009364953036	0.24199030040967934
ENSG00000198324	PHETA1	-0.7420126043338761	5.100339348404278	0.17031849489532974	0.2430861113978122
ENSG00000089041	P2RX7	-0.35082347503809025	8.107535206810391	0.1705189748511327	0.2430861113978122
ENSG00000250091	DNAH10OS	-0.7571679165832267	5.109696329410476	0.17191857473479932	0.24468540281317966
ENSG00000127314	RAP1B	0.30746945600689746	12.354460053663004	0.1726381230804972	0.24531320392567424
ENSG00000173391	OLR1	0.9121294178819521	4.19154304495312	0.17310845314484144	0.24558542225540309
ENSG00000196531	NACA	-0.3934796286286847	12.380550924776674	0.17465609204174964	0.24738266412987367
ENSG00000064115	TM7SF3	-0.2781946364003895	8.776891683071467	0.17606835505179616	0.24898269791433775
ENSG00000123374	CDK2	-0.4112611799907985	6.968608004474638	0.17766607305840562	0.2508394396866272
ENSG00000139174	PRICKLE1	-0.6230308750678605	6.005962488041015	0.18227093217022	0.2569291059871421
ENSG00000111669	TPI1	0.30703658790519284	10.992566317925121	0.18329307610929513	0.25795718858193134
ENSG00000166886	NAB2	-0.49950027860753776	6.3159309286254794	0.18440240367679497	0.25910449384251416
ENSG00000134283	PPHLN1	-0.26918183682782537	9.876272854876488	0.1847214913808981	0.2591395444372153
ENSG00000111775	COX6A1	0.36569378001031155	9.530250810823334	0.18531187409668315	0.2595544691242891
ENSG00000090975	PITPNM2	-0.5406445653668275	5.954480391368384	0.18644837323178262	0.26073177272571507
ENSG00000197728	RPS26	-0.5986432562564798	10.192060158650525	0.1907321562093762	0.2662995715062764
ENSG00000247934	ENSG00000247934	-0.8782543419715488	4.151991353972769	0.19426797068799925	0.2708070920508344
ENSG00000229117	RPL41	-0.7240514624051221	12.258947318327056	0.1953123645400765	0.27183284859369256
ENSG00000205707	ETFRF1	0.4350199437600346	7.048046159608747	0.19596142636586178	0.27218629709105635
ENSG00000280287	ENSG00000280287	-0.4440791850547772	6.946839699843711	0.19618422094531304	0.27218629709105635
ENSG00000171681	ATF7IP	0.2870075596989392	12.07784902675437	0.19820721660404356	0.2742877677609249
ENSG00000060138	YBX3	-0.7643715337293729	13.054837516528167	0.1984546270245936	0.2742877677609249
ENSG00000257261	SLC38A4-AS1	-0.4314904390039072	6.677264080859815	0.19887539043532176	0.2742877677609249
ENSG00000188375	H3-5	0.9627313154171316	4.427602431825306	0.1989442492613292	0.2742877677609249
ENSG00000212443	SNORA53	0.9189420998343816	10.612239905304024	0.20119145530748586	0.276952612696711
ENSG00000122970	IFT81	0.5656251988856963	5.37985030874743	0.20232720078891292	0.27808153493764787
ENSG00000127720	METTL25	0.4115037284723419	7.782607517544926	0.20400373934774235	0.27994905664386455
ENSG00000276390	ENSG00000276390	-0.9351335127024752	3.7331697748168637	0.20550911809265385	0.28144381764388926
ENSG00000127328	RAB3IP	0.30295744615780795	9.065584243548296	0.20573191664320625	0.28144381764388926
ENSG00000202538	RNU4-2	-1.4908525495029754	9.307839935864633	0.20869727110172695	0.2850578230087154
ENSG00000257169	ENSG00000257169	0.6490195043207609	4.623897796514546	0.21264510936100076	0.2900005284009933
ENSG00000135390	ATP5MC2	-0.27606920683754405	9.499339728738512	0.21548991456005492	0.2934259887595184
ENSG00000111711	GOLT1B	-0.34913018260441936	9.041951881183923	0.21622924784133712	0.2939783446731759
ENSG00000090382	LYZ	0.42102195886639815	15.394009196568902	0.21803229444638117	0.2959729605658888
ENSG00000127337	YEATS4	-0.47930627045825835	6.8485130838622	0.22173184817228037	0.3003167709090192
ENSG00000231887	PRH1	-0.483135618265123	6.029600218162693	0.22191398168191998	0.3003167709090192
ENSG00000139437	TCHP	-0.2567116663383566	8.47372442931795	0.22253931829654	0.30055925688109775
ENSG00000274964	ENSG00000274964	-0.7287590408291041	4.601860119217452	0.22277547643967857	0.30055925688109775
ENSG00000275854	ENSG00000275854	-0.6986016697812908	4.701080128243328	0.2232007387315418	0.300672554774447
ENSG00000171823	FBXL14	-0.3965351571500528	7.637930967200702	0.22791986650198107	0.30656091967671045
ENSG00000229186	ADAM1A	-0.535712570141632	6.368694629433721	0.22977845235255565	0.30844937516185017
ENSG00000257698	GIHCG	0.4863091958784315	5.895332411351934	0.23045214846138434	0.30844937516185017
ENSG00000258017	ENSG00000258017	-0.916862877711239	4.7023086328896415	0.23056309108110515	0.30844937516185017
ENSG00000173598	NUDT4	-0.45411462279287024	11.38209795080626	0.2307243339746416	0.30844937516185017
ENSG00000182796	TMEM198B	-0.6128678508014538	4.857252395692192	0.2316777545533833	0.3092546996386829
ENSG00000065970	FOXJ2	0.33116627937983834	8.342457916313888	0.23355358908762436	0.3112870075434146
ENSG00000139117	CPNE8	0.4027419654145817	7.955140958378113	0.23505234943833292	0.3128113592978419
ENSG00000090615	GOLGA3	-0.2744552561298291	10.24584862875418	0.23557189513771412	0.3130299240065251
ENSG00000061987	MON2	0.26157592451332545	12.027786084335158	0.23900314511308554	0.31711110066962106
ENSG00000135437	RDH5	0.7279688777098454	4.217405205228486	0.2418744175805693	0.32043813817816774
ENSG00000275180	ENSG00000275180	-0.4176406823697439	6.493004693023252	0.2502627640866933	0.33103000335416144
ENSG00000173262	SLC2A14	0.9178968735501117	5.93859570751889	0.25062089924770226	0.33103000335416144
ENSG00000257218	GATC	-0.31389748535683604	9.052574186677399	0.2516141559963809	0.33184441831259215
ENSG00000112787	FBRSL1	-0.409428173151839	6.082898306083196	0.25582593945791376	0.33689484702903144
ENSG00000166225	FRS2	0.22264686514722645	9.296103530540584	0.2565728785690647	0.3373741880885761
ENSG00000139719	VPS33A	-0.2310345079050886	9.513448508305682	0.2594619742246303	0.3406646785274207
ENSG00000184445	KNTC1	-0.3371322664459419	9.320588917334048	0.2611174631338692	0.34232810270973024
ENSG00000180263	FGD6	-0.41888974587557315	7.539012780844115	0.2631213289337547	0.3443044868333676
ENSG00000173588	CEP83	-0.3803822989157167	7.43540039694384	0.2634066108123607	0.3443044868333676
ENSG00000123338	NCKAP1L	0.2776077306229387	12.177618851389315	0.2668219723489685	0.3482520853917648
ENSG00000174243	DDX23	0.22897212492821753	10.866605026015659	0.2710439419431858	0.35323922019518744
ENSG00000110848	CD69	-0.49344533170513316	7.767617934000322	0.27347641353389807	0.35588289560319675
ENSG00000159403	C1R	0.7841766870007143	4.727211997497529	0.27532656300179703	0.3577620973518926
ENSG00000276853	ENSG00000276853	0.4100269929980513	6.1435125409639	0.27892178673692114	0.3618999913331775
ENSG00000010626	LRRC23	-0.44398483901648433	5.5619281774673395	0.2795489807007044	0.362180370584295
ENSG00000033030	ZCCHC8	-0.23651742816388105	8.536459092541936	0.2801941144637235	0.3624831348642297
ENSG00000196387	ZNF140	-0.22786192278171438	8.367780705388105	0.2813122817407039	0.3633960706943697
ENSG00000075089	ACTR6	-0.5232652732565736	6.889164990098265	0.28231142750641164	0.36415280766200386
ENSG00000151062	CACNA2D4	-0.32788698947529166	6.299541444977645	0.288229006111759	0.3707392638803597
ENSG00000261799	ENSG00000261799	0.37325387977918706	8.553006701699479	0.28825924603637504	0.3707392638803597
ENSG00000212694	LINC01089	0.278691385679729	7.07701659880099	0.29506370433545054	0.3789374978418833
ENSG00000094914	AAAS	-0.43437820627936724	5.731528976245811	0.2971437328973592	0.3810533168596411
ENSG00000286504	ENSG00000286504	0.6419178780007379	4.7843048617085016	0.305237375849547	0.39086355831896935
ENSG00000111339	ART4	-0.9311450477165336	4.432678261861715	0.3072788076283059	0.392906574050127
ENSG00000029153	ARNTL2	-0.4734078884274671	5.110324440858864	0.30950158861147575	0.3951641436807736
ENSG00000170473	PYM1	-0.2679213977205284	7.1110720365453775	0.3099414566213559	0.3951641436807736
ENSG00000139651	ZNF740	-0.23659245888697522	10.131212183190895	0.31281404515728584	0.3982502511323249
ENSG00000110799	VWF	0.7101650826307836	4.909606397250882	0.3150136776589006	0.4004719336471738
ENSG00000111725	PRKAB1	0.2112683866597054	8.384789192570125	0.31748365977044163	0.40303040959331277
ENSG00000280202	ENSG00000280202	-0.48421521218607294	6.125496574733416	0.32271048114100415	0.4090761638636326
ENSG00000184047	DIABLO	-0.21025648627887347	8.828459785318913	0.3269588261023765	0.4138659853393587
ENSG00000092841	MYL6	0.5073631403078319	13.067786102751297	0.3278873252280399	0.4144458156756143
ENSG00000178878	APOLD1	0.5299892934682254	6.345702766252497	0.33605206618510974	0.4241574073196013
ENSG00000139574	NPFF	0.5562413751219721	4.5257153062132485	0.3391434269601727	0.4270584114367755
ENSG00000167778	SPRYD3	0.30226216149051965	6.811907931053949	0.33931996368415757	0.4270584114367755
ENSG00000139190	VAMP1	0.23418954492342114	8.915933818840665	0.3409461026950227	0.4284928908335449
ENSG00000198855	FICD	-0.2861663836061094	6.9912444886979435	0.3426429908830048	0.4297050772232805
ENSG00000139372	TDG	-0.19455141050463165	9.062167306895677	0.34288611723946216	0.4297050772232805
ENSG00000288744	ENSG00000288744	-0.43557473036263833	4.481106789975178	0.34411892228708796	0.4306374581461996
ENSG00000139645	ANKRD52	-0.1973880368862184	7.962544375766974	0.3451759334390636	0.4313475139855532
ENSG00000257027	ENSG00000257027	-0.2692135795402272	10.924165267828606	0.348639281398024	0.43505836673039544
ENSG00000002016	RAD52	-0.3439796685035823	6.637576912815199	0.34930126774292225	0.43526791638120865
ENSG00000130038	CRACR2A	-0.21462458308895277	9.039087231732845	0.3603342997360792	0.44838208766594034
ENSG00000176834	VSIG10	0.6190141902478419	6.466769604660126	0.36181239950926036	0.44924392331089336
ENSG00000139620	KANSL2	-0.23503975183743708	8.916017237917128	0.362046748638745	0.44924392331089336
ENSG00000290048	ENSG00000290048	-0.49602116007271774	4.580943545709113	0.362932645026947	0.44970978940751094
ENSG00000173064	HECTD4	-0.285613602587711	11.082880767449334	0.3672693544961783	0.4544442434145128
ENSG00000110871	COQ5	-0.38518498331724704	6.902478252985958	0.36854274168583107	0.45538030213915454
ENSG00000111335	OAS2	0.4260059695308055	10.654692880898011	0.3705882620035512	0.4572664689427572
ENSG00000111325	OGFOD2	0.26442334987623406	7.271073993715907	0.3720006114662445	0.4583671869954705
ENSG00000291182	ENSG00000291182	-0.7130212506451822	6.078589430137649	0.37385490269231475	0.46000861630157724
ENSG00000134539	KLRD1	-0.3698644267243723	11.52039083986747	0.3744941970097623	0.4601525628529994
ENSG00000272917	ENSG00000272917	-0.6324547361820041	4.961657189503376	0.39230029904521907	0.4813601162379359
ENSG00000111605	CPSF6	-0.24816979221358695	11.10416069148803	0.39483455034005754	0.483795881571058
ENSG00000174456	C12orf76	0.18275059078693123	7.860391115744834	0.398117876898348	0.48707262813807706
ENSG00000278949	ENSG00000278949	0.33188853758085823	5.98195704983893	0.39861448908916414	0.48707262813807706
ENSG00000197111	PCBP2	0.24549229955242866	12.126420053203733	0.3996825254307714	0.4877012533303457
ENSG00000066117	SMARCD1	-0.1958388594730344	7.6295783569031	0.4037088324397703	0.49193289264099255
ENSG00000070018	LRP6	-0.42881364850088555	6.41296841338038	0.40816214171964577	0.49667244040746955
ENSG00000079387	SENP1	-0.1758841974799711	8.92605537400218	0.40951803890565325	0.4976350238288007
ENSG00000240370	RPL13P5	0.44542351448980816	4.453508677444564	0.4106241714027082	0.4982918663991541
ENSG00000256660	CLEC12B	0.5606764013304195	6.551137515351181	0.4153742566884244	0.5033627512276505
ENSG00000172572	PDE3A	0.522175324436556	6.135065001887455	0.41601623498014045	0.5034482184306369
ENSG00000011105	TSPAN9	-0.5729095804975246	5.877861941679054	0.4187700649708311	0.5060856340731169
ENSG00000123427	EEF1AKMT3	-0.4181058266192198	4.516552098928593	0.42283725728584143	0.5101938211185773
ENSG00000197992	CLEC9A	0.45515087594781106	5.091275500334752	0.4238152349935695	0.5101938211185773
ENSG00000123360	PDE1B	-0.5080534038148994	5.743220421222877	0.4239067844027225	0.5101938211185773
ENSG00000139318	DUSP6	0.2499236322545115	9.974487009323585	0.43035569820714836	0.5172487996186872
ENSG00000257242	LINC01619	-0.2491539294706379	6.395725364364664	0.4314288212738067	0.5178321410656999
ENSG00000288710	ENSG00000288710	0.44140808424092215	4.314913287438624	0.4331672100144804	0.5192113088744996
ENSG00000111639	MRPL51	-0.2549995821883561	7.639553104672394	0.4369620517349462	0.5230483255142494
ENSG00000223914	LINC02471	0.8825148627642995	4.7339128505570915	0.4382791122229371	0.5239130228879343
ENSG00000111445	RFC5	-0.26289428348595223	6.940602218474037	0.4402695256766536	0.5255792034161678
ENSG00000215021	PHB2	-0.1806705332442512	9.863336896060181	0.4428277931323246	0.52791784269225706
ENSG00000214776	ENSG00000214776	-0.760672697769063	4.226458312616175	0.45157322512013137	0.5376162315281564
ENSG00000088992	TESC	-0.5006353172017739	10.878907707402014	0.45466100332058246	0.5405618676456587
ENSG00000134285	FKBP11	0.28430267118416286	7.3511706314125576	0.4579292244793166	0.5437138096580566
ENSG00000151176	PLBD2	-0.3002887305141762	6.299077519833418	0.45934274433583394	0.5446580858140911
ENSG00000256092	SBNO1-AS1	-0.45799034831272234	4.221924983497094	0.4609051388895714	0.5457761120453124
ENSG00000111790	FGFR1OP2	0.2439168290085268	11.08226393663083	0.46860359247329764	0.5535207274686524
ENSG00000196498	NCOR2	-0.1858794246261074	7.3704895433280475	0.4687020007850337	0.5535207274686524
ENSG00000135457	TFCP2	-0.15387983192105661	8.517294153935703	0.4734632386972201	0.5583950646482609
ENSG00000130783	CCDC62	0.4363996586726939	4.666200801615856	0.47851789280264395	0.5630873074832834
ENSG00000139182	CLSTN3	0.29404790834115324	8.282077354322578	0.4787200832065599	0.5630873074832834
ENSG00000015153	YAF2	0.1729402812694724	10.142321398580327	0.4800595754163994	0.5639099812557972
ENSG00000211584	SLC48A1	-0.42381115794690666	7.643742053373686	0.48353557731874314	0.5672368090783125
ENSG00000256576	LINC02361	-0.331483347722273	4.935967293348519	0.4888258542536421	0.5726802893583227
ENSG00000278896	ENSG00000278896	-0.273584736518361	6.337980029180031	0.4907217765335129	0.5738853186009149
ENSG00000275764	ENSG00000275764	-0.2047239586607886	7.255068813916556	0.4911572420262086	0.5738853186009149
ENSG00000110958	PTGES3	-0.296221261028723	10.122673975557863	0.49724163891468404	0.5795426855061282
ENSG00000276718	ENSG00000276718	0.2890060437882472	5.283884552607982	0.49796054097481	0.5795426855061282
ENSG00000278743	ENSG00000278743	0.32354540457006714	5.284468398162405	0.49841970094289445	0.5795426855061282
ENSG00000256020	ENSG00000256020	-0.6527121311166371	4.96004119680084	0.49863036959551105	0.5795426855061282
ENSG00000139323	POC1B	0.24693011798584233	9.757376445366	0.5023064338609147	0.5830460714512067
ENSG00000205323	SARNP	0.20943963343860533	7.608696528242705	0.5055640816644823	0.5860552051926433
ENSG00000290712	DSTNP2	0.32867812675350827	4.661986029419243	0.5076077725752273	0.5876510481455653
ENSG00000166148	AVPR1A	0.29714533538608223	5.954220600933749	0.5117259235165429	0.5916411267953731
ENSG00000120647	CCDC77	-0.20462547188546995	6.566296913021498	0.5188717380706755	0.5991166464485782
ENSG00000238795	SCARNA12	0.3858645353712209	11.751218223795965	0.5205948560053357	0.6003194609171476
ENSG00000176915	ANKLE2	0.1297690754864528	10.681080524707411	0.5260436150446585	0.605809705691953
ENSG00000258311	ENSG00000258311	0.27979545793692606	5.714089414317171	0.532759637470391	0.6123779647584063
ENSG00000123349	PFDN5	-0.33209706304681336	10.179529626031172	0.5331372292505081	0.6123779647584063
ENSG00000010292	NCAPD2	0.15669572212615132	9.245729584216715	0.5386348713890555	0.6178871376220807
ENSG00000258056	CD63-AS1	-0.2276615774851431	5.782248481623171	0.5402377418444622	0.6189199617229794
ENSG00000257818	C1GALT1P1	-0.34242324392925516	4.636082508046479	0.542657045686143	0.6208842301941455
ENSG00000139160	ETFBKMT	-0.24258352287418078	5.835018362868333	0.5438046700948516	0.6213902909903556
ENSG00000205810	KLRC3	-0.33460774778093033	5.964279062835289	0.5488831139094227	0.6263808592671003
ENSG00000290040	ENSG00000290040	0.288999816715725	5.119210020591578	0.5517988941421779	0.6288936943586788
ENSG00000170486	KRT72	0.6451469971916904	4.187365181687382	0.5528879920590283	0.6293208281705478
ENSG00000139629	GALNT6	-0.17241142542793578	8.471271833218038	0.5583883848917734	0.6347615059221321
ENSG00000276045	ORAI1	-0.15144997780236802	7.782664841636534	0.5616744525277644	0.637674217367217
ENSG00000139197	PEX5	-0.16720823308886718	7.890971660227111	0.5648789019917396	0.6404868888735169
ENSG00000111671	SPSB2	-0.24471011364689838	7.186564756332706	0.5680325053433307	0.6432347521946972
ENSG00000139613	SMARCC2	-0.12792010701840417	9.052281875359478	0.5698157581051614	0.644425780347429
ENSG00000102189	EEA1	-0.12744766162490517	9.274100036366567	0.57086137949557	0.6447806094046118
ENSG00000257246	PHB1P19	-0.3378787163017197	4.488497512274408	0.5733704056483301	0.6467853103408179
ENSG00000269514	ENSG00000269514	-0.19212108299029254	7.580336547714372	0.5811217720266422	0.6544237373758739
ENSG00000291107	ENSG00000291107	-0.1577077063343915	11.107851777704807	0.581627453309091	0.6544237373758739
ENSG00000201428	RN7SKP71	0.44784574634896845	9.61861847664369	0.5865157659455599	0.6586976903881312
ENSG00000004700	RECQL	-0.16919607264891148	9.924239394780319	0.5869213245796628	0.6586976903881312
ENSG00000179104	TMTC2	0.1366457819786549	8.720434500238197	0.6049778992805352	0.6780986377431953
ENSG00000182196	ARL6IP4	-0.1622306503346156	9.58300717580946	0.6062406977664805	0.678650641337064
ENSG00000110955	ATP5F1B	-0.12295885542885376	11.969579094303572	0.6080157983749258	0.6790899891234349
ENSG00000157837	SPPL3	0.1451125068533537	8.416645851390713	0.6081748029720659	0.6790899891234349
ENSG00000258302	ENSG00000258302	0.2953142080923355	4.300859531387366	0.6261310528595079	0.6982550095812993
ENSG00000120837	NFYB	-0.13058047972651815	7.587901583316441	0.6311026619529934	0.7029095387870887
ENSG00000057294	PKP2	-0.35657997852362844	5.256498370298548	0.652609024434352	0.7259451395538689
ENSG00000013573	DDX11	-0.20406555688501654	7.196912032314478	0.653922580118358	0.7264890202828165
ENSG00000161642	ZNF385A	0.19795627812431613	5.62597283625617	0.6556135554262014	0.7267583744617189
ENSG00000111057	KRT18	-0.2877400465253344	5.156765575941893	0.6558148782032537	0.7267583744617189
ENSG00000257815	PRANCR	0.0877399621350636	8.663873215576977	0.6580515833916065	0.7283209107638259
ENSG00000110851	PRDM4	-0.09589462213734712	8.604120726041604	0.6657033921571104	0.735865355696881
ENSG00000186298	PPP1CC	-0.09481901362445495	11.229137220383189	0.6684570445921079	0.7379832785534424
ENSG00000275481	ENSG00000275481	0.11256061599083853	8.20942734922713	0.6711470975379599	0.7400257733804038
ENSG00000257221	ENSG00000257221	0.19629031984009004	5.107994544174167	0.6776557425183183	0.7462683864482981
ENSG00000173451	THAP2	-0.1578818075466806	7.003681107365319	0.6808271788359489	0.748824899568628
ENSG00000139044	B4GALNT3	0.30829572133749267	6.1111095508206255	0.6869140110984049	0.75457761069538
ENSG00000180574	EIF2S3B	-0.30285767663408375	4.922325472224669	0.6879983067303442	0.7548275320416354
ENSG00000152944	MED21	0.09217959995148098	9.150020458354726	0.6894987331206648	0.7555328157702806
ENSG00000158023	CFAP251	-0.3459428868097248	5.4400407434822595	0.6952988011292878	0.760507467574355
ENSG00000120860	WASHC3	0.09542221970755217	7.806161920750764	0.6957650611406698	0.760507467574355
ENSG00000183935	HTR7P1	0.15324646030368644	7.027341636666996	0.7048284188048307	0.7694595253619031
ENSG00000139726	DENR	0.0821848048114844	9.00891683503778	0.7071756643916574	0.7702243916883939
ENSG00000127311	HELB	-0.11723793877021926	10.19388277210656	0.7072775628557443	0.7702243916883939
ENSG00000258210	ENSG00000258210	0.19153815342122238	4.275792925073066	0.7088493941533273	0.7709831064803473
ENSG00000151233	GXYLT1	0.08469379718224887	9.203482623050471	0.7169358778938373	0.7779358300800383
ENSG00000061936	SFSWAP	-0.07910179670401135	10.268355562810742	0.7170078252270047	0.7779358300800383
ENSG00000288663	ENSG00000288663	-0.1348476961600072	6.2681663444188045	0.7230378324758456	0.7827534406445315
ENSG00000135093	USP30	-0.11906445239715129	6.968888808584736	0.7232250859076602	0.7827534406445315
ENSG00000151164	RAD9B	0.2011051231134226	4.9009244166865695	0.7251003533896636	0.7838201366089492
ENSG00000178449	COX14	-0.14309463273938874	6.584388732922631	0.7269294288498881	0.7848343465891561
ENSG00000122971	ACADS	-0.14398232864468113	7.209612823076848	0.728102856398978	0.7851390654681758
ENSG00000023734	STRAP	-0.13697252941368251	7.449662111417478	0.7293977419047692	0.7855738516113713
ENSG00000133773	CCDC59	-0.07639786206323643	8.204171871324007	0.7308169354915389	0.7861412944664783
ENSG00000240399	ENSG00000240399	-0.1421895541664414	5.385062621380852	0.7342607502669958	0.7876695292228766
ENSG00000110925	CSRNP2	0.09509155063305624	8.229346874747424	0.7346939549093641	0.7876695292228766
ENSG00000111186	WNT5B	0.2601569899055631	4.6861794009643525	0.7349198104667475	0.7876695292228766
ENSG00000270061	ENSG00000270061	-0.20347281298053463	3.9962602118120696	0.7394283788828931	0.7915387628138869
ENSG00000139055	ERP27	-0.1280194421811793	6.37915374682493	0.7411025578099639	0.7923681473672065
ENSG00000089163	SIRT4	-0.20163898708837438	3.934643517759725	0.7436576591216167	0.7941362396195689
ENSG00000139350	NEDD1	0.08278780278721554	8.93922556803695	0.7486819846283584	0.7985336906266147
ENSG00000246363	LINC02458	0.29801673552484903	5.257865332619881	0.7543828563754148	0.803641229101258
ENSG00000122986	HVCN1	-0.10411638195549384	9.18328612699529	0.7559651816173192	0.8043542572522443
ENSG00000165714	BORCS5	-0.09434579577280335	8.568978274429915	0.7732821269246674	0.8217871578053462
ENSG00000287202	ENSG00000287202	-0.21935387163287998	4.209045663414039	0.7754037009039106	0.8224215068906334
ENSG00000078237	TIGAR	-0.08729623111717451	8.913038514018398	0.7757460524700527	0.8224215068906334
ENSG00000013583	HEBP1	-0.15021798982632875	5.92708287570635	0.7768094802476003	0.8225590770410288
ENSG00000196935	SRGAP1	-0.34655735220439515	6.425075688351312	0.7796435849202563	0.8237828276999265
ENSG00000111252	SH2B3	0.09376184143028421	10.12261453832796	0.7798352761654241	0.8237828276999265
ENSG00000135451	TROAP	-0.17251589779629464	6.212824115544585	0.7822214808167351	0.8253139216761001
ENSG00000076555	ACACB	-0.12858520018968764	7.46800410637025	0.7856441123329122	0.8279335681403058
ENSG00000135116	HRK	0.2934476161272777	5.689880071871358	0.7898591944894603	0.8309494326653502
ENSG00000197301	HMGA2-AS1	-0.205622800972477	4.862721703283599	0.7903923093911049	0.8309494326653502
ENSG00000111481	COPZ1	-0.04981393355935483	9.05206738462269	0.7996077560503098	0.8396357962816721
ENSG00000067798	NAV3	-0.2494334652926104	5.602857215645333	0.8069297448026678	0.8463156013942266
ENSG00000189079	ARID2	0.05099887195319685	10.592004251158208	0.8086704084299382	0.8467023679862505
ENSG00000022840	RNF10	0.09945288694791539	12.97835879864252	0.8092206513557582	0.8467023679862505
ENSG00000286107	ENSG00000286107	0.1719413009763662	4.0542567579395685	0.8152746112293151	0.8520248309525821
ENSG00000205809	KLRC2	-0.25754283819956664	7.069282223213906	0.8165230449230796	0.8521963975048309
ENSG00000139192	TAPBPL	0.08011221296232436	8.591010988663884	0.8173733892072442	0.8521963975048309
ENSG00000197653	DNAH10	-0.17165050911287325	4.81954259427748	0.8186641405082477	0.852533224335421
ENSG00000005175	RPAP3	0.04995438031909071	9.525679966739231	0.8217794439801884	0.8541987930239417
ENSG00000139725	RHOF	-0.04531952500653704	8.14722812516104	0.8222026974850201	0.8541987930239417
ENSG00000289283	ENSG00000289283	0.07865478371471687	7.164463534905935	0.8233939294732064	0.8544288007843285
ENSG00000259075	POC1B-GALNT4	-0.24810319935224479	4.482176622192903	0.8257657730404807	0.8558819365278394
ENSG00000111596	CNOT2	0.044420421652221695	11.090206026411664	0.8282093944344321	0.8574059653310631
ENSG00000139163	ETNK1	0.04526640743037206	11.751624356356887	0.8568793593015045	0.8860454407800769
ENSG00000123268	ATF1	0.05085472881711075	8.43769592820066	0.8579426272512178	0.8861048705842003
ENSG00000204842	ATXN2	0.042387672710091175	8.765913863347498	0.871158956617091	0.8987014529035797
ENSG00000135424	ITGA7	0.1728473703983874	5.186945547980276	0.8766424560832645	0.9033005892507089
ENSG00000089169	RPH3A	-0.15696544107493834	4.641710035446796	0.8791027879489989	0.9047775189054533
ENSG00000111266	DUSP16	-0.046523599397893904	8.509885687950097	0.8841384249276893	0.908898427492759
ENSG00000256973	ENSG00000256973	-0.07183210212998217	5.121296170968591	0.8855162034307584	0.9092538172756388
ENSG00000171840	NINJ2	0.06508440362464417	8.99722095674642	0.8877048421790015	0.9104400069379516
ENSG00000196510	ANAPC7	-0.023281635990053638	9.143723175734733	0.9145131757385477	0.9368443114251866
ENSG00000255946	ENSG00000255946	0.057209503116629645	5.974369961718449	0.9183354476476154	0.9396672815070258
ENSG00000255641	ENSG00000255641	0.06782543066981249	5.499771905469191	0.932589911903784	0.953145838036234
ENSG00000274987	ENSG00000274987	-0.10838012898009924	4.0757688450209555	0.9356692685932191	0.9551675462908351
ENSG00000139531	SUOX	-0.044277046818902016	5.9614360564909274	0.9367363904600245	0.9551675462908351
ENSG00000177675	CD163L1	0.11042336454594796	4.579835624639283	0.9399063881172467	0.9572919398049645
ENSG00000170855	TRIAP1	-0.053233881113545885	5.87441068431617	0.9477646344220646	0.9629881285878579
ENSG00000249790	LINC02972	0.08507428255504355	11.041484837869147	0.9483986745409645	0.9629881285878579
ENSG00000187778	MCRS1	0.02393726738982989	7.0570712191268266	0.9487783151126681	0.9629881285878579
ENSG00000136003	ISCU	0.01424630924550499	11.183177118600462	0.9559823677563002	0.9691835051706564
ENSG00000165682	CLEC1B	-0.033010300920485236	5.736230246415887	0.9578467982970589	0.9693553420661383
ENSG00000111271	ACAD10	-0.014641470924817369	7.941506299584406	0.9590433735465941	0.9693553420661383
ENSG00000266923	ENSG00000266923	0.022514288159967567	5.730388907709949	0.959452733577381	0.9693553420661383
ENSG00000186049	KRT73	0.04988488183184281	4.95847476411394	0.9657001356933073	0.9745496214728564
ENSG00000213152	RPL7AP60	-0.033835093505837	4.979885732309642	0.9681626763798217	0.9759168396917881
ENSG00000255374	TAS2R43	-0.06323383791383426	4.692569102369852	0.9702081693383845	0.9768610253567049
ENSG00000060237	WNK1	0.010437041858021237	12.33756665655305	0.9729301316324404	0.9784833858084246
ENSG00000179295	PTPN11	0.0073094072775667755	10.505422665242007	0.974248529406649	0.9786920802819359
ENSG00000111181	SLC6A12	0.03713959930478563	5.39373560028028	0.9807948263017583	0.9841460614713543
ENSG00000182544	MFSD5	-0.0040448936459227935	8.282480179613705	0.9943892204756682	0.9966517670524048
ENSG00000274737	ENSG00000274737	-0.03030749148681276	4.586851599003802	1	1
ENSG00000256028	ENSG00000256028	0.002993252651824176	7.6719472320459445	1	1
